Name,Formula,KEGG ID,CHEBI ID,Group,class,Gene target,Smiles,byproduct,EC number
L-Phenylacetylcarbinol,C9H10O2,,,heterologous,alcohol,Link,CC(=O)[C@H](C1=CC=CC=C1)O,4,"['1.14.13.-', '1.14.13.-', '1.14.13.-', '1.1.1;1.1.1.-;1.1.1.4', '1.14.13.189', '1.14.13.189', '1.14.13.189', '1.1.1.2', '1.14.13.-;1.14.13.243', '1.14.13.-;1.14.13.243', '1.14.13.-;1.14.13.243', '1.14.13.7', '1.14.13.7', '1.14.13.7', '1.14.13.-;1.14.13.236', '1.14.13.-;1.14.13.236', '1.14.13.-;1.14.13.236']"
1-Butanol,C4H10O,C06142,28885.0,heterologous,alcohol,Link,CCCCO,1,"['1.1.3.20', '1.1.3.20']"
(S)-Reticuline,C19H23NO4,C02105,16718.0,heterologous,alkaloid,Link,CN1CCC2=CC(=C(C=C2[C@@H]1CC3=CC(=C(C=C3)OC)O)O)OC,15,"['1.14.14.-;1.14.14.1', '1.14.14.-;1.14.14.1', '1.14.14.-;1.14.14.1', '1.14.14.-;1.14.14.1', '1.14.14.-;1.14.14.1', '1.14.14.1', '1.14.14.1', '1.14.14.1', '1.14.14.1', '1.14.14.1', '1.14.13', '1.14.13', '1.14.13', '1.14.13', '1.14.13', '1.14.19.68;1.14.21.5', '1.14.19.68;1.14.21.5', '1.14.21.1', '1.14.21.1', '1.14.21.3', '1.14.21.3', '1.14.21.3', '1.14.21.3', '1.14.21.3', '1.14.21.3', '1.14.21.3', '1.14.21.3', '1.14.21.3', '1.14.21.3', '1.14.21.3', '1.14.21.3', '1.14.21.3', '1.14.21.3', '1.14.21.3', '1.14.21.3', '1.14.13.56', '1.14.13.56', '1.14.13.56', '1.14.13.56', '1.14.13.56', '1.14.13.57', '1.14.13.57', '1.14.13.57', '1.14.13.57', '1.14.13.57', '1.14.13.71;1.14.14.102', '1.14.13.71;1.14.14.102', '1.14.13.71;1.14.14.102', '1.14.13.71;1.14.14.102', '1.14.13.71;1.14.14.102', '1.14.13.91', '1.14.13.91', '1.14.13.91', '1.14.13.91', '1.14.13.91', '1.14.13.-', '1.14.13.-', '1.14.13.91', '1.14.13.91', '1.14.13.91', '1.14.13.91', '1.14.13.91']"
Psilocybin,C12H17N2O4P,C07576,8614.0,heterologous,alkaloid,Link,CN(C)CCC1=CNC2=C1C(=CC=C2)OP(=O)(O)O,6,"['3.1.8.1', '1.14.13.8', '1.13.11.52', '1.14.13.56', '1.14.13.56', '1.14.13.56', '1.14.13.57', '1.14.13.57', '1.14.13.57', '1.14.13.71;1.14.14.102', '1.14.13.71;1.14.14.102', '1.14.13.71;1.14.14.102']"
Nicotianamine,C12H21N3O6,C05324,17721.0,heterologous,amino acid,Link,C1CN([C@@H]1C(=O)O)CC[C@@H](C(=O)O)NCC[C@@H](C(=O)O)N,0,[]
4-Hydroxymandelic,C8H8O4,C11527,16388.0,heterologous,aromatic,Link,C1=CC(=CC=C1C(C(=O)O)O)O,11,"['1.14.13.19', '1.14.13.19', '1.14.13.-;1.6.5.2', '1.14.13.-;1.6.5.2', '3.1.3.25', '3.1.3.25', '3.1.3.25', '3.1.3.25', '1.14.13;1.14.13.-', '1.14.13;1.14.13.-', '1.14.13', '1.14.13', '1.14.18.1', '1.14.18.1', '1.14.18.1', '4.2.1.94', '1.14.13.21', '1.14.13.21', '1.14.13.-', '1.14.13.-', '1.14.13.21', '1.14.13.21', '1.1.1.107;1.1.1.122', '3.1.3.25', '3.1.3.25', '1.14.13.88', '1.14.13.88', '1.14.13.88', '1.14.13.88', '1.14.19.55', '1.14.19.55', '3.1.3.25', '3.1.3.25']"
Cinnamate,C9H8O2,C00423,15669.0,heterologous,aromatic,Link,C1=CC=C(C=C1)/C=C/C(=O)[O-],9,"['3.6.1.7', '1.3.1.31', '1.1.1.184;1.2.1.5', '1.14.13.189', '1.14.13.189', '1.14.13.189', '4.1.1.-;4.1.1.102', '1.14.14.91', '1.14.14.91', '1.14.14.91', '1.2.1.3', '1.1.1.184', '1.14.12.19', '1.14.13.12', '1.14.13.12', '1.14.13.12', '1.14.13.11;1.14.14.91', '1.14.13.11;1.14.14.91', '1.14.13.11;1.14.14.91', '1.14.13.14;1.14.14.91', '1.14.12.19', '1.14.14.8', '1.14.14.8', '1.14.14.8']"
Mandelic,C8H8O3,C01984,17756.0,heterologous,aromatic,Link,C1=CC=C(C=C1)[C@@H](C(=O)O)O,1,['1.2.1.3']
p-Coumaric acid,C9H8O3,C00811,32374.0,heterologous,aromatic,Link,C1=CC(=CC=C1/C=C/C(=O)O)O,11,"['1.14.13.7', '1.14.13.7', '1.14.13.63', '1.14.13.63', '1.14.13.63', '1.14.13.63', '1.14.13.6', '1.14.13.6', '1.14.13.219;1.14.13.7', '1.14.13.219;1.14.13.7', '1.14.13.-;1.6.5.2', '1.14.13.-;1.6.5.2', '1.14.13.244;1.14.13.M20', '1.14.13.244;1.14.13.M20', '1.14.13.-;1.14.13.220', '1.14.13.-;1.14.13.220', '1.14.13.44', '1.14.13.44', '1.14.14', '1.14.14', '1.14.13', '1.14.13', '1.14.13.M33', '1.14.13.M33', '1.14.18.1', '1.14.18.1', '1.14.18.1', '1.14.18.1', '1.14.18.1', '1.14.18.1', '3.1.3.2;3.1.3.48;3.1.3.76', '1.14.14.57', '1.14.13.18', '1.14.13.18', '4.2.1.94', '1.14.13.21', '1.14.13.21', '1.14.13.88', '1.14.13.88', '1.14.14.9', '1.14.14.9', '1.14.13.3;1.14.14.9', '1.14.13.3;1.14.14.9', '1.14.13.127', '1.14.13.127', '1.14.13.127', '1.14.19.55', '1.14.19.55', '5.2.-.-;5.2.1.-', '1.14.13.236', '1.14.13.236', '1.14.14.20', '1.14.14.20', '1.14.14.27', '1.14.14.27', '1.3.1.74', '1.14.13.3;1.14.14.9', '1.14.13.3;1.14.14.9', '1.14.13.127', '1.14.13.127']"
Rosmarinate,C18H16O8,C01850,50371.0,heterologous,aromatic,Link,C1=CC(=C(C=C1C[C@H](C(=O)O)OC(=O)/C=C/C2=CC(=C(C=C2)O)O)O)O,16,"['1.14.14.1', '3.1.1.70', '1.14.13.19', '1.14.13.19', '1.14.13.19', '1.14.13.19', '1.14.13.19', '1.14.13.19', '1.14.13.19', '1.14.13.19', '1.3.1.29', '1.3.1.29', '1.3.1.49', '1.3.1.49', '1.3.1.29', '1.3.1.29', '1.13.11.-', '1.13.11.-', '1.3.1.29', '1.3.1.29', '1.14.14.-;1.14.14.1', '1.14.13;1.14.13.-', '1.14.13;1.14.13.-', '1.14.13;1.14.13.-', '1.14.13;1.14.13.-', '1.14.13;1.14.13.-', '1.14.13;1.14.13.-', '1.14.13', '1.14.13', '1.14.13', '1.14.13', '1.14.13', '1.14.13', '1.14.13', '1.14.13', '1.14.13', '1.14.13', '1.14.13', '1.14.13', '1.14.13', '1.14.13', '1.14.13', '1.14.13', '1.14.13', '1.14.13', '3.1.1', '1.1.1.-', '1.1.1.-', '1.14.13.21;1.14.13.88', '1.14.13.21;1.14.13.88', '1.14.13.21;1.14.13.88', '1.14.13.21;1.14.13.88', '1.14.13.21;1.14.13.88', '1.14.13.21;1.14.13.88', '1.14', '1.14', '1.14', '1.14', '1.14', '1.14', '1.14.13.36', '1.14.13.36', '1.14.13.36', '1.14.13.36', '1.14.13.36', '1.14.13.36', '1.14;1.14.13.36', '1.14;1.14.13.36', '1.14;1.14.13.36', '1.14;1.14.13.36', '1.14;1.14.13.36', '1.14;1.14.13.36', '1.14.13.-', '1.14.13.-', '1.14.13.-', '1.14.13.-', '1.14.13.-', '1.14.13.-', '1.14.13.21', '1.14.13.21', '1.14.13.21', '1.14.13.21', '1.14.13.21', '1.14.13.21', '1.14.13.103', '1.14.13.103', '1.14.13.103', '1.14.13.103', '1.14.13.103', '1.14.13.103', '1.14.13.88', '1.14.13.88', '1.14.13.88', '1.14.13.88', '1.14.13.88', '1.14.13.88', '1.14.13.88', '1.14.13.88', '1.14.13.88', '1.14.13.88', '1.14.13.88', '1.14.13.88', '1.3.1.n3', '1.3.1.n3', '1.3.1.20', '1.3.1.20', '1.14.13.21', '1.14.13.21', '1.14.13.21', '1.14.13.21', '1.14.13.21', '1.14.13.21', '1.14.13.103', '1.14.13.103', '1.14.13.103', '1.14.13.103', '1.14.13.103', '1.14.13.103', '3.1.1.88', '1.14.14.-', '1.14.14.-', '1.14.14.-', '1.14.14.-', '1.14.14.-', '1.14.14.-', '1.14.14;1.14.14.-', '1.14.14;1.14.14.-', '1.14.14;1.14.14.-', '1.14.14;1.14.14.-', '1.14.14;1.14.14.-', '1.14.14;1.14.14.-']"
Salidroside,C14H20O7,C06046,9009.0,heterologous,aromatic,Link,C1=CC(=CC=C1CCO[C@H]2[C@@H]([C@H]([C@@H]([C@H](O2)CO)O)O)O)O,16,"['3.1.3.69', '3.1.3.69', '3.1.3.69', '3.1.3.69', '3.2.1.-', '1.14.13.19', '1.14.13.19', '3.2.1.63', '2.4.1.247', '2.4.1.247', '3.2.1.-;3.2.1.21', '3.2.1.-;3.2.1.21', '2.4.1.-;2.4.1.282', '2.4.1.-;2.4.1.282', '2.4.1.321', '2.4.1.332', '2.4.1.332', '3.2.1', '3.2.1', '3.2.1.149', '3.2.1.149', '3.2.1.149', '3.2.1.149', '2.4.1.230', '2.4.1.230', '3.2.1.40', '3.2.1.40', '3.2.1.40', '1.14.13', '1.14.13', '3.2.1', '3.2.1.3', '3.2.1.70', '3.2.1.70', '3.2.1.21;3.2.1.25;3.2.1.58;3.2.1.74', '3.2.1.21', '1.1.99.13', '1.1.99.13', '1.1.99.13', '3.2.1.22', '5.4.99.16', '1.14.13.21;1.14.13.88', '1.14.13.21;1.14.13.88', '3.2.1.23', '3.2.1.23', '1.14.13.103', '1.14.13.103', '1.14.13.88', '1.14.13.88', '1.14.13.88', '1.14.13.88', '2.4.1.359;2.4.1.dr', '2.4.1.359;2.4.1.dr', '3.2.1.23', '3.2.1.23', '3.2.1.22', '3.2.1.22', '3.2.1.22', '3.2.1.22', '3.2.1.117', '3.2.1.117', '3.2.1.74', '3.2.1.74', '3.2.1.74', '3.2.1.74', '2.4.1.247', '2.4.1.247', '2.4.1.247', '2.4.1.247', '1.14.13.89', '1.14.13.89', '1.14.13.21', '1.14.13.21', '1.14.13.103', '1.14.13.103', '1.14.13', '3.2.1.119', '3.2.1.119', '3.2.1.118', '3.2.1.118', '3.2.1.117', '3.2.1.117', '3.2.1.10;3.2.1.177;3.2.1.20;3.2.1.48', '1.14.14.-', '1.14.14.-', '1.14.14;1.14.14.-', '1.14.14;1.14.14.-', '3.2.1.118', '3.2.1.118', '3.2.1.214', '3.2.1.214', '3.2.1.37', '3.2.1.37', '3.2.1.37', '3.2.1.37', '3.2.1.37', '3.2.1.20', '3.2.1.20']"
Tyrosol,C8H10O2,C06044,1879.0,heterologous,aromatic,Link,C1=CC(=CC=C1CCO)O,2,"['1.14.13.-;1.14.18.1', '1.14.13.-;1.14.18.1', '1.14.14.1', '1.14.14.1', '1.14.14', '1.14.14']"
Arachidonate,C20H32O2,C00219 ,15843.0,heterologous,fatty acids and lipids,Link,CCCCC/C=C\C/C=C\C/C=C\C/C=C\CCCC(=O)O,19,"['1.2.1.-', '1.2.1.-', '1.14.14.-;1.14.14.1', '1.14.14.-;1.14.14.1', '1.14.14.-;1.14.14.1', '1.2.1;1.2.1.-', '1.14.13', '1.14.13', '1.14.13', '1.14.13', '1.14.13', '1.14.13', '1.14.13', '1.14.13', '1.13.11.34', '1.13.11.34', '1.13.11.34', '1.13.11.34', '1.13.11.34', '1.13.11.34', '1.13.11.34', '1.13.11.34', '1.13.11.34', '1.13.11.34', '1.13.11.34', '1.13.11.34', '5.2.1.M1']"
Docosahexaenoate,C22H32O2,C06429,28125.0,heterologous,fatty acids and lipids,Link,CC/C=C\C/C=C\C/C=C\C/C=C\C/C=C\C/C=C\CCC(=O)O,23,"['5.3.3.13', '5.3.3.13', '5.3.3.13', '5.3.3.13', '5.3.3.13', '5.3.3.13', '1.13.11.-;1.13.11.12;1.13.11.58', '1.13.11.-;1.13.11.12;1.13.11.58', '1.13.11.-;1.13.11.12;1.13.11.58', '1.13.11.-;1.13.11.12;1.13.11.58', '1.13.11.-;1.13.11.12;1.13.11.58', '1.13.11.-;1.13.11.12;1.13.11.58', '1.13.11.-;1.13.11.12;1.13.11.58', '1.13.11.-;1.13.11.12;1.13.11.58', '1.13.11.-;1.13.11.12;1.13.11.58', '1.13.11.-;1.13.11.12;1.13.11.58', '1.13.11.12', '1.13.11.12', '1.13.11.12', '1.13.11.12', '1.13.11.12', '1.13.11.12', '1.13.11.12', '1.13.11.12', '1.14.14.-;1.14.14.1', '1.14.14.-;1.14.14.1', '1.14.14.-;1.14.14.1', '1.13.11.77', '1.13.11.77', '1.2.1;1.2.1.-', '1.13.11.34', '1.13.11.34', '1.13.11.34', '1.13.11.34', '1.13.11.34', '1.13.11.34', '1.13.11.34', '1.13.11.34', '1.13.11.34', '1.13.11.34', '1.13.11.34', '1.13.11.34', '1.13.11.34', '1.13.11.34', '1.13.11.34', '1.13.11.34', '1.13.11.34', '1.13.11.34', '1.13.11.34', '1.13.11.34', '1.13.11.31', '1.13.11.31', '1.13.11.31', '1.13.11.31', '1.13.11.31', '1.13.11.31', '1.13.11.31', '1.13.11.31', '5.2.1.M1']"
Eicosapentaenoic acid,C20H30O2,C06428,28364.0,heterologous,fatty acids and lipids,Link,CC/C=C\C/C=C\C/C=C\C/C=C\C/C=C\CCCC(=O)O,13,"['1.14.14.-;1.14.14.1', '1.14.14.-;1.14.14.1', '1.14.14.-;1.14.14.1', '1.2.1;1.2.1.-', '1.13.11.34', '1.13.11.34', '1.13.11.34', '1.13.11.34', '1.13.11.34', '1.13.11.34', '1.13.11.34', '1.13.11.34', '1.13.11.34', '1.13.11.34', '1.13.11.34', '1.13.11.34', '1.13.11.34', '1.13.11.34', '1.13.11.34', '1.13.11.34', '5.2.1.M1']"
Docosanol,C22H46O,D03884,31000.0,heterologous,alcohol,Link,CCCCCCCCCCCCCCCCCCCCCCO,1,"['1.1.3.20', '1.1.3.20']"
Catechin,C15H14O6,C06562,15600.0,heterologous,flavonoid,Link,C1[C@@H]([C@H](OC2=CC(=CC(=C21)O)O)C3=CC(=C(C=C3)O)O)O,16,"['1.1.1.252', '1.14.13.19', '1.14.13.19', '1.14.13.19', '1.14.13.19', '1.14.13.19', '1.14.13.19', '1.14.13.19', '1.14.13.19', '1.3.1.29', '1.3.1.49', '1.3.1.29', '1.3.1.29', '1.13.11.-', '1.3.1.29', '1.14.13;1.14.13.-', '1.14.13;1.14.13.-', '1.14.13;1.14.13.-', '1.14.13;1.14.13.-', '1.14.13;1.14.13.-', '1.14.13', '1.14.13', '1.14.13', '1.14.13', '1.14.13', '1.13.12', '1.14.13', '1.14.13', '1.14.13', '1.14.13', '1.14.13', '1.14.13', '1.14.13', '1.14.13', '1.14.13', '1.14.13', '1.14.13', '3.1.3.48', '3.1.3.48', '3.1.3.48', '3.1.3.48', '3.1.3.36;3.1.3.48', '3.1.3.36;3.1.3.48', '3.1.3.36;3.1.3.48', '3.1.3.36;3.1.3.48', '3.1.3.2', '3.1.3.2', '3.1.3.2', '3.1.3.2', '1.14.13.21;1.14.13.88', '1.14.13.21;1.14.13.88', '1.14.13.21;1.14.13.88', '1.14.13.21;1.14.13.88', '1.14.13.21;1.14.13.88', '1.14.13.52;1.14.14.88', '1.14.13.52;1.14.14.88', '1.14.13.52;1.14.14.88', '1.14.13.52;1.14.14.88', '1.14.13.52;1.14.14.88', '1.14.13.21;1.14.13.88', '1.14.13.21;1.14.13.88', '1.14.13.21;1.14.13.88', '1.14.13.21;1.14.13.88', '1.14.13.21;1.14.13.88', '1.14.13.21', '1.14.13.21', '1.14.13.21', '1.14.13.21', '1.14.13.21', '1.14.13.53;1.14.13.89;1.14.14.90', '1.14.13.53;1.14.13.89;1.14.14.90', '1.14.13.53;1.14.13.89;1.14.14.90', '1.14.13.53;1.14.13.89;1.14.14.90', '1.14.13.53;1.14.13.89;1.14.14.90', '1.14.13.89', '1.14.13.89', '1.14.13.89', '1.14.13.89', '1.14.13.89', '1.14.13.88', '1.14.13.88', '1.14.13.88', '1.14.13.88', '1.14.13.88', '1.14.13.88', '1.14.13.88', '1.14.13.88', '1.14.13.88', '1.14.13.88', '1.14.13.-', '1.14.13.-', '1.14.13.-', '1.14.13.-', '1.14.13.-', '1.14.13.52;1.14.14.88', '1.14.13.52;1.14.14.88', '1.14.13.52;1.14.14.88', '1.14.13.52;1.14.14.88', '1.14.13.52;1.14.14.88', '1.14.13.21', '1.14.13.21', '1.14.13.21', '1.14.13.21', '1.14.13.21', '1.14.13.21', '1.14.13.21', '1.14.13.21', '1.14.13.21', '1.14.13.21', '1.14.13.103', '1.14.13.103', '1.14.13.103', '1.14.13.103', '1.14.13.103', '1.14.13.88', '1.14.13.88', '1.14.13.89', '1.14.13.89', '1.14.13.89', '1.14.13.89', '1.14.13.89', '1.14.13.89', '1.14.13.89', '1.14.13.89', '1.14.13.89', '1.14.13.89', '1.14.13.88', '1.14.13.88', '1.14.13.88', '1.14.13.88', '1.14.13.88', '1.14.13.88', '1.14.13.88', '1.14.13.88', '1.14.13.88', '1.14.13.88', '1.3.1.20', '1.14.13.89', '1.14.13.89', '1.14.13.89', '1.14.13.89', '1.14.13.89', '1.14.13.-', '1.14.13.-', '1.14.13.-', '1.14.13.-', '1.14.13.-', '1.14.13.21', '1.14.13.21', '1.14.13.21', '1.14.13.21', '1.14.13.21', '1.14.13.-', '1.14.13.-', '1.14.13.-', '1.14.13.-', '1.14.-.-', '1.14.13.103', '1.14.13.103', '1.14.13.103', '1.14.13.103', '1.14.13.103', '1.14.14.-', '1.14.14.-', '1.14.14.-', '1.14.14.-', '1.14.14.-', '1.14.14;1.14.14.-', '1.14.14;1.14.14.-', '1.14.14;1.14.14.-', '1.14.14;1.14.14.-', '1.14.14;1.14.14.-', '1.14.14', '1.14.14', '1.14.14', '1.14.14', '1.14.14']"
Genistein,C15H10O5,C06563,28088.0,heterologous,flavonoid,Link,C1=CC(=CC=C1C2=COC3=CC(=CC(=C3C2=O)O)O)O,18,"['1.1.1.252', '1.14.13.19', '1.14.13.19', '1.14.13.19', '1.14.13.19', '1.14.13.19', '1.14.13.19', '1.14.13.44', '1.14.13.44', '1.14.13.44', '1.14.13.44', '1.3.1.45', '1.14.13.44', '1.14.13.44', '1.14.13.44', '1.14.13.44', '1.14.13;1.14.13.-', '1.14.13;1.14.13.-', '1.14.13;1.14.13.-', '1.14.13;1.14.13.-', '1.14.13', '1.14.13', '1.14.13', '1.14.13', '1.14.99', '1.13.12', '1.14.13', '1.14.13', '1.14.13', '1.14.13', '1.14.13', '1.14.13', '1.14.13', '1.14.13', '1.14.13', '1.14.13', '1.14.13', '1.14.13', '1.11;1.11.2.1', '1.11;1.11.2.1', '1.11;1.11.2.1', '1.14.14.1', '3.1.3.2;3.1.3.48', '3.1.3.2;3.1.3.48', '3.1.3.2;3.1.3.48', '3.1.3.48', '3.1.3.48', '3.1.3.48', '3.1.3.36;3.1.3.48', '3.1.3.36;3.1.3.48', '3.1.3.36;3.1.3.48', '3.1.3.2', '3.1.3.2', '3.1.3.2', '3.1.3.1;3.1.3.2', '3.1.3.1;3.1.3.2', '3.1.3.1;3.1.3.2', '1.14.13.21', '1.14.13.21;1.14.13.88', '1.14.13.21;1.14.13.88', '1.14.13.21;1.14.13.88', '1.14.13.21;1.14.13.88', '4.2.1.94', '1.14.13.52;1.14.14.88', '1.14.13.52;1.14.14.88', '1.14.13.52;1.14.14.88', '1.14.13.52;1.14.14.88', '1.14.13.21;1.14.13.88', '1.14.13.21;1.14.13.88', '1.14.13.21;1.14.13.88', '1.14.13.21;1.14.13.88', '1.14.13.21', '1.14.13.21', '1.14.13.21', '1.14.13.21', '1.14.13.53;1.14.13.89;1.14.14.90', '1.14.13.53;1.14.13.89;1.14.14.90', '1.14.13.53;1.14.13.89;1.14.14.90', '1.14.13.53;1.14.13.89;1.14.14.90', '1.14.13.89', '1.14.13.89', '1.14.13.89', '1.14.13.89', '1.14.13.88', '1.14.13.88', '1.14.13.88', '1.14.13.88', '1.14.13.88', '1.14.13.88', '1.14.13.88', '1.14.13.88', '1.14.13.-', '1.14.13.-', '1.14.13.-', '1.14.13.-', '4.2.1;4.2.1.-', '1.14.13.52;1.14.14.88', '1.14.13.52;1.14.14.88', '1.14.13.52;1.14.14.88', '1.14.13.52;1.14.14.88', '1.14.13.21', '1.14.13.21', '1.14.13.21', '1.14.13.21', '1.14.13.21', '1.14.13.21', '1.14.13.21', '1.14.13.21', '1.14.13.103', '1.14.13.103', '1.14.13.103', '1.14.13.103', '1.14.13.88', '1.14.13.88', '1.14.13.88', '1.14.13.89', '1.14.13.89', '1.14.13.89', '1.14.13.89', '1.14.13.89', '1.14.13.89', '1.14.13.89', '1.14.13.89', '1.14.13.88', '1.14.13.88', '1.14.13.88', '1.14.13.88', '1.14.13.88', '1.14.13.88', '1.14.13.88', '1.14.13.88', '1.14.13.89', '1.14.13.89', '1.14.13.89', '1.14.13.89', '1.14.13.-', '1.14.13.-', '1.14.13.-', '1.14.13.-', '1.14.13.21', '1.14.13.21', '1.14.13.21', '1.14.13.21', '1.14.13.-', '1.14.13.-', '1.14.13.-', '1.14.13.103', '1.14.13.103', '1.14.13.103', '1.14.13.103', '1.14.14.-', '1.14.14.-', '1.14.14.-', '1.14.14.-', '1.14.14;1.14.14.-', '1.14.14;1.14.14.-', '1.14.14;1.14.14.-', '1.14.14;1.14.14.-', '1.14.14', '1.14.14', '1.14.14', '1.14.14', '3.1.3.76', '3.1.3.76', '3.1.3.76']"
Kaempferol,C15H10O6,C05903,28499.0,heterologous,flavonoid,Link,C1=CC(=CC=C1C2=C(C(=O)C3=C(C=C(C=C3O2)O)O)O)O,18,"['1.1.1.252', '1.14.13.19', '1.14.13.19', '1.14.13.19', '1.14.13.19', '1.14.13.19', '1.14.13.19', '1.14.13.44', '1.14.13.44', '1.14.13.44', '1.14.13.44', '1.14.13.44', '1.14.13.44', '1.14.13.44', '1.14.13.44', '1.14.13;1.14.13.-', '1.14.13;1.14.13.-', '1.14.13;1.14.13.-', '1.14.13;1.14.13.-', '1.14.13', '1.14.13', '1.14.13', '1.14.13', '1.14.99', '1.13.12', '1.14.13', '1.14.13', '1.14.13', '1.14.13', '1.14.13', '1.14.13', '1.14.13', '1.14.13', '1.14.13', '1.14.13', '1.14.13', '1.14.13', '1.14.13', '1.14.13', '1.14.13', '1.14.13', '1.11;1.11.2.1', '1.11;1.11.2.1', '1.11;1.11.2.1', '1.11;1.11.2.1', '1.14.14.1', '3.1.3.2;3.1.3.48', '3.1.3.2;3.1.3.48', '3.1.3.2;3.1.3.48', '3.1.3.2;3.1.3.48', '3.1.3.48', '3.1.3.48', '3.1.3.48', '3.1.3.48', '3.1.3.36;3.1.3.48', '3.1.3.36;3.1.3.48', '3.1.3.36;3.1.3.48', '3.1.3.36;3.1.3.48', '3.1.3.2', '3.1.3.2', '3.1.3.2', '3.1.3.2', '3.1.3.1;3.1.3.2', '3.1.3.1;3.1.3.2', '3.1.3.1;3.1.3.2', '3.1.3.1;3.1.3.2', '1.14.13.21', '1.14.13.21;1.14.13.88', '1.14.13.21;1.14.13.88', '1.14.13.21;1.14.13.88', '1.14.13.21;1.14.13.88', '4.2.1.94', '1.14.13.52;1.14.14.88', '1.14.13.52;1.14.14.88', '1.14.13.52;1.14.14.88', '1.14.13.52;1.14.14.88', '1.14.13.21;1.14.13.88', '1.14.13.21;1.14.13.88', '1.14.13.21;1.14.13.88', '1.14.13.21;1.14.13.88', '1.14.13.21', '1.14.13.21', '1.14.13.21', '1.14.13.21', '1.14.13.53;1.14.13.89;1.14.14.90', '1.14.13.53;1.14.13.89;1.14.14.90', '1.14.13.53;1.14.13.89;1.14.14.90', '1.14.13.53;1.14.13.89;1.14.14.90', '1.14.13.89', '1.14.13.89', '1.14.13.89', '1.14.13.89', '1.14.13.88', '1.14.13.88', '1.14.13.88', '1.14.13.88', '1.14.13.88', '1.14.13.88', '1.14.13.88', '1.14.13.88', '1.14.13.-', '1.14.13.-', '1.14.13.-', '1.14.13.-', '1.14.13.52;1.14.14.88', '1.14.13.52;1.14.14.88', '1.14.13.52;1.14.14.88', '1.14.13.52;1.14.14.88', '1.14.13.21', '1.14.13.21', '1.14.13.21', '1.14.13.21', '1.14.13.21', '1.14.13.21', '1.14.13.21', '1.14.13.21', '1.14.13.103', '1.14.13.103', '1.14.13.103', '1.14.13.103', '1.14.13.88', '1.14.13.88', '1.14.13.88', '1.14.13.89', '1.14.13.89', '1.14.13.89', '1.14.13.89', '1.14.13.89', '1.14.13.89', '1.14.13.89', '1.14.13.89', '1.14.13.88', '1.14.13.88', '1.14.13.88', '1.14.13.88', '1.14.13.88', '1.14.13.88', '1.14.13.88', '1.14.13.88', '1.14.13.89', '1.14.13.89', '1.14.13.89', '1.14.13.89', '1.14.13.-', '1.14.13.-', '1.14.13.-', '1.14.13.-', '1.14.13.21', '1.14.13.21', '1.14.13.21', '1.14.13.21', '1.14.13.-', '1.14.13.-', '1.14.13.-', '1.14.13.103', '1.14.13.103', '1.14.13.103', '1.14.13.103', '1.14.14.-', '1.14.14.-', '1.14.14.-', '1.14.14.-', '1.14.14;1.14.14.-', '1.14.14;1.14.14.-', '1.14.14;1.14.14.-', '1.14.14;1.14.14.-', '1.14.14', '1.14.14', '1.14.14', '1.14.14']"
Naringenin,C15H12O5,C00509,17846.0,heterologous,flavonoid,Link,C1[C@H](OC2=CC(=CC(=C2C1=O)O)O)C3=CC=C(C=C3)O,21,"['5.5.1.6', '3.7.1.4', '1.1.1.252', '1.1.1.219', '1.1.1.219', '1.14.13.19', '1.14.13.19', '1.14.13.19', '1.14.13.19', '1.14.13.19', '1.14.13.19', '5.5.1.6', '5.5.1.6', '1.1.1.219', '1.1.1.219', '1.14.13', '1.14.13', '1.14.13', '1.14.13', '1.13.12', '1.14.13', '1.14.13', '1.14.13', '1.14.13', '1.14.13', '1.14.13', '1.14.13', '1.14.13', '1.14.13', '1.14.13', '1.14.13', '1.14.13', '1.1.1.348', '1.1.1.348', '1.11;1.11.2.1', '1.11;1.11.2.1', '1.11;1.11.2.1', '5.5.1.6', '5.5.1.6', '3.1.3.2;3.1.3.48', '3.1.3.2;3.1.3.48', '3.1.3.2;3.1.3.48', '3.1.3.48', '3.1.3.48', '3.1.3.48', '3.1.3.36;3.1.3.48', '3.1.3.36;3.1.3.48', '3.1.3.36;3.1.3.48', '1.1.1.184;1.1.1.209;1.1.1.213;1.1.1.50', '1.1.1.184', '3.1.3.2', '3.1.3.2', '3.1.3.2', '3.1.3.1;3.1.3.2', '3.1.3.1;3.1.3.2', '3.1.3.1;3.1.3.2', '1.1.1.246;1.1.1.348', '1.1.1.219', '1.14.13.21;1.14.13.88', '1.14.13.21;1.14.13.88', '1.14.13.21;1.14.13.88', '1.14.13.21;1.14.13.88', '4.2.1.94', '1.14.13.52;1.14.14.88', '1.14.13.52;1.14.14.88', '1.14.13.52;1.14.14.88', '1.14.13.52;1.14.14.88', '1.14.13.21;1.14.13.88', '1.14.13.21;1.14.13.88', '1.14.13.21;1.14.13.88', '1.14.13.21;1.14.13.88', '1.14.13.21', '1.14.13.21', '1.14.13.21', '1.14.13.21', '1.14.13.53;1.14.13.89;1.14.14.90', '1.14.13.53;1.14.13.89;1.14.14.90', '1.14.13.53;1.14.13.89;1.14.14.90', '1.14.13.53;1.14.13.89;1.14.14.90', '1.14.13.89', '1.14.13.89', '1.14.13.89', '1.14.13.89', '1.14.13.88', '1.14.13.88', '1.14.13.88', '1.14.13.88', '1.14.13.88', '1.14.13.88', '1.14.13.88', '1.14.13.88', '1.14.13.-', '1.14.13.-', '1.14.13.-', '1.14.13.-', '1.14.13.-;1.14.13.86', '1.14.13.52;1.14.14.88', '1.14.13.52;1.14.14.88', '1.14.13.52;1.14.14.88', '1.14.13.52;1.14.14.88', '1.14.13.86', '1.14.13.21', '1.14.13.21', '1.14.13.21', '1.14.13.21', '1.14.13.21', '1.14.13.21', '1.14.13.21', '1.14.13.21', '1.14.13.103', '1.14.13.103', '1.14.13.103', '1.14.13.103', '1.1.1.219', '1.14.13.88', '1.14.13.88', '1.14.13.88', '1.14.13.89', '1.14.13.89', '1.14.13.89', '1.14.13.89', '1.14.13.89', '1.14.13.89', '1.14.13.89', '1.14.13.89', '1.14.13.88', '1.14.13.88', '1.14.13.88', '1.14.13.88', '1.14.13.88', '1.14.13.88', '1.14.13.88', '1.14.13.88', '1.14.13.89', '1.14.13.89', '1.14.13.89', '1.14.13.89', '1.14.13.-', '1.14.13.-', '1.14.13.-', '1.14.13.-', '1.14.13.-', '1.14.13.21', '1.14.13.21', '1.14.13.21', '1.14.13.21', '1.14.13.-', '1.14.13.-', '1.14.13.-', '1.14.13.103', '1.14.13.103', '1.14.13.103', '1.14.13.103', '1.3.1', '1.14.14.-', '1.14.14.-', '1.14.14.-', '1.14.14.-', '1.14.14;1.14.14.-', '1.14.14;1.14.14.-', '1.14.14;1.14.14.-', '1.14.14;1.14.14.-', '1.14.14', '1.14.14', '1.14.14', '1.14.14']"
Quercetin,C15H10O7,C00389,16243.0,heterologous,flavonoid,Link,C1=CC(=C(C=C1C2=C(C(=O)C3=C(C=C(C=C3O2)O)O)O)O)O,18,"['1.1.1.252', '1.14.13.19', '1.14.13.19', '1.14.13.19', '1.14.13.19', '1.14.13.19', '1.14.13.19', '1.14.13.19', '1.14.13.19', '1.3.1.29', '1.3.1.49', '1.3.1.29', '1.3.1.29', '1.13.11.-', '1.3.1.29', '1.14.13.44', '1.14.13.44', '1.14.13.44', '1.14.13.44', '1.14.13.44', '1.14.13;1.14.13.-', '1.14.13;1.14.13.-', '1.14.13;1.14.13.-', '1.14.13;1.14.13.-', '1.14.13;1.14.13.-', '1.14.13', '1.14.13', '1.14.13', '1.14.13', '1.14.13', '1.14.99', '1.13.12', '1.14.13', '1.14.13', '1.14.13', '1.14.13', '1.14.13', '1.14.13', '1.14.13', '1.14.13', '1.14.13', '1.14.13', '1.14.14.1', '3.1.3.48', '3.1.3.48', '3.1.3.48', '3.1.3.48', '3.1.3.48', '3.1.3.36;3.1.3.48', '3.1.3.36;3.1.3.48', '3.1.3.36;3.1.3.48', '3.1.3.36;3.1.3.48', '3.1.3.36;3.1.3.48', '3.1.3.2', '3.1.3.2', '3.1.3.2', '3.1.3.2', '3.1.3.2', '1.97.1.2', '1.97.1.2', '1.14.13.21', '1.14.13.21;1.14.13.88', '1.14.13.21;1.14.13.88', '1.14.13.21;1.14.13.88', '1.14.13.21;1.14.13.88', '1.14.13.21;1.14.13.88', '1.14.13.52;1.14.14.88', '1.14.13.52;1.14.14.88', '1.14.13.52;1.14.14.88', '1.14.13.52;1.14.14.88', '1.14.13.52;1.14.14.88', '1.14.13.21;1.14.13.88', '1.14.13.21;1.14.13.88', '1.14.13.21;1.14.13.88', '1.14.13.21;1.14.13.88', '1.14.13.21;1.14.13.88', '1.14.13.21', '1.14.13.21', '1.14.13.21', '1.14.13.21', '1.14.13.21', '1.14.13.53;1.14.13.89;1.14.14.90', '1.14.13.53;1.14.13.89;1.14.14.90', '1.14.13.53;1.14.13.89;1.14.14.90', '1.14.13.53;1.14.13.89;1.14.14.90', '1.14.13.53;1.14.13.89;1.14.14.90', '1.14.13.89', '1.14.13.89', '1.14.13.89', '1.14.13.89', '1.14.13.89', '1.14.13.88', '1.14.13.88', '1.14.13.88', '1.14.13.88', '1.14.13.88', '1.14.13.88', '1.14.13.88', '1.14.13.88', '1.14.13.88', '1.14.13.88', '1.14.13.-', '1.14.13.-', '1.14.13.-', '1.14.13.-', '1.14.13.-', '1.14.13.52;1.14.14.88', '1.14.13.52;1.14.14.88', '1.14.13.52;1.14.14.88', '1.14.13.52;1.14.14.88', '1.14.13.52;1.14.14.88', '1.14.13.21', '1.14.13.21', '1.14.13.21', '1.14.13.21', '1.14.13.21', '1.14.13.21', '1.14.13.21', '1.14.13.21', '1.14.13.21', '1.14.13.21', '1.14.13.103', '1.14.13.103', '1.14.13.103', '1.14.13.103', '1.14.13.103', '1.14.13.88', '1.14.13.88', '1.14.13.89', '1.14.13.89', '1.14.13.89', '1.14.13.89', '1.14.13.89', '1.14.13.89', '1.14.13.89', '1.14.13.89', '1.14.13.89', '1.14.13.89', '1.14.13.88', '1.14.13.88', '1.14.13.88', '1.14.13.88', '1.14.13.88', '1.14.13.88', '1.14.13.88', '1.14.13.88', '1.14.13.88', '1.14.13.88', '1.3.1.20', '1.14.13.89', '1.14.13.89', '1.14.13.89', '1.14.13.89', '1.14.13.89', '1.14.13.-', '1.14.13.-', '1.14.13.-', '1.14.13.-', '1.14.13.-', '1.14.13.21', '1.14.13.21', '1.14.13.21', '1.14.13.21', '1.14.13.21', '1.14.13.-', '1.14.13.-', '1.14.13.-', '1.14.13.-', '1.14.13.103', '1.14.13.103', '1.14.13.103', '1.14.13.103', '1.14.13.103', '1.14.14.-', '1.14.14.-', '1.14.14.-', '1.14.14.-', '1.14.14.-', '1.14.14;1.14.14.-', '1.14.14;1.14.14.-', '1.14.14;1.14.14.-', '1.14.14;1.14.14.-', '1.14.14;1.14.14.-', '1.14.14', '1.14.14', '1.14.14', '1.14.14', '1.14.14']"
Astaxanthin,C40H52O4,C08580,40968.0,heterologous,terpene,Link,CC1=C(C(C[C@@H](C1=O)O)(C)C)/C=C/C(=C/C=C/C(=C/C=C/C=C(/C=C/C=C(/C=C/C2=C(C(=O)[C@H](CC2(C)C)O)C)\C)\C)/C)/C,8,"['1.13.11.51', '1.13.11.51', '1.14.13', '1.14.13', '1.14.13', '1.14.13', '1.14.13', '1.14.13', '1.14.13', '1.13.11.71;1.14.99.-', '1.13.11.71;1.14.99.-', '1.14.13.90', '1.14.-.-', '1.14.13.90', '1.1.1.M48', '1.14.13.129', '1.14.13']"
Betaxanthin,C18H18N2O7,C08565,8341.0,heterologous,terpene,Link,COC1=C(C=CC(=C1)CCN=C/C=C/2\C[C@H](NC(=C2)C(=O)[O-])C(=O)[O-])O,6,"['1.14.14.1', '1.14.14.1', '1.14.14.1', '1.14.19.68;1.14.21.5', '1.14.21.1', '1.14.21.3', '1.14.21.3', '1.14.21.3', '1.14.21.3', '1.14.13.71;1.14.14.102', '1.14.13.71;1.14.14.102', '1.14.13.71;1.14.14.102']"
β-Carotene,C40H56,C02094,17579.0,heterologous,terpene,Link,CC1=C(C(CCC1)(C)C)/C=C/C(=C/C=C/C(=C/C=C/C=C(/C=C/C=C(/C=C/C2=C(CCCC2(C)C)C)\C)\C)/C)/C,18,"['1.14.13.-', '1.14.13.-', '1.14.14.-;1.14.14.1', '1.13.11.67;1.13.12.12', '1.13.11.67;1.13.12.12', '1.14.13', '1.14.13', '1.14.13', '1.14.13;1.14.13.-', '1.14.13;1.14.13.-', '1.14.13;1.14.13.-', '1.14.13;1.14.13.-', '1.14.13;1.14.13.-', '1.14.13;1.14.13.48', '1.14.13.49', '1.14.13.49', '1.14.13.49', '1.14.13.49', '1.14.13.49', '1.14.13.49', '1.14.13;1.14.14.1', '1.14.13;1.14.14.1', '1.14.13;1.14.14.1', '1.14.13.78', '1.14.13', '1.14.13', '1.14.13.-;1.14.13.119;1.14.14.149', '1.13.11.75', '1.13.11.75', '1.13.11.75', '1.14.13.-;1.14.14.149', '1.14.13.133', '1.14.13.133', '1.14.13.133', '1.14.13;1.14.13.143', '1.14.13.144', '1.14.13.-', '1.14.13.-', '1.14.13.-', '1.14.13.-', '1.14.13.-', '1.14.13.-', '1.14.13.48', '1.14.13.119', '1.14.13.107', '1.14.13.107', '1.14.13.107', '1.14.13.107', '1.14.13.107', '1.14.13.107', '1.14.13.107', '1.14.13.107', '1.14.13.106', '1.14.13.80;1.14.14.53', '1.3.8.2', '1.3.8.2', '1.3.8.2', '1.3.8.2']"
Artemisinic acid,C15H22O2,C20309,63749.0,heterologous,terpene,Link,C[C@@H]1CC[C@H]([C@@H]2[C@H]1CCC(=C2)C)C(=C)C(=O)O,9,"['1.14.13.107', '1.14.13.107', '1.14.13.107', '1.3.1.-;1.3.1.92', '1.14.13', '1.14.13', '1.14.13', '1.14.13', '1.14.13', '1.14.13.48', '1.14.13.49', '1.14.13.49', '1.14.13.79', '1.14.13.79', '1.14.13.79', '1.14.13.79', '1.14.13.107', '1.14.13.-;1.14.13.107', '1.14.13.107', '1.14.13.107', '1.14.13.107', '1.14.13.107', '1.14.13.-', '1.14.-.-', '1.14.-.-', '1.1.1.-', '4.2.1.138']"
3-Hydroxypropanoate,C3H6O3,C01013,16510.0,heterologous,organic acid,Link,C(CO)C(=O)O,0,[]
Adipic acid,C6H10O4,D08839 ,30832.0,heterologous,organic acid,Link,C(CCC(=O)O)CC(=O)O,1,['1.2.1;1.2.1.-']
"cis,cis-Muconate",C6H6O4,C02480,16508.0,heterologous,organic acid,Link,C(=C\C(=O)O)\C=C/C(=O)O,1,['5.5.1.1']
Itaconic acid,C5H6O4,C00490,17240.0,heterologous,organic acid,Link,C=C(CC(=O)O)C(=O)O,3,"['1.2.1;1.2.1.-', '1.2.1;1.2.1.-', '3.1.1']"
Ethylene,C2H4,C06547,18153.0,heterologous,other,Link,C=C,1,['1.14.13.69']
"1,3,5-Trihydroxyxanthone",C13H8O5,C10094,514.0,heterologous,other,Link,C1=CC2=C(C(=C1)O)OC3=CC(=CC(=C3C2=O)O)O,16,"['1.14.14.1', '1.14.14.1', '1.1.1.252', '1.14.13.19', '1.14.13.19', '1.14.13.19', '1.14.13.19', '1.14.13.19', '1.14.13.19', '1.14.13', '1.14.13', '1.14.13', '1.14.13', '1.14.13', '1.14.99', '1.13.12', '1.14.13', '1.14.13', '1.14.13', '1.14.13', '1.14.13', '1.14.13', '1.14.13', '1.14.13', '1.14.13', '1.14.13', '1.11;1.11.2.1', '1.11;1.11.2.1', '1.11;1.11.2.1', '1.14.14.1', '3.1.3.2;3.1.3.48', '3.1.3.2;3.1.3.48', '3.1.3.2;3.1.3.48', '3.1.3.48', '3.1.3.48', '3.1.3.48', '3.1.3.36;3.1.3.48', '3.1.3.36;3.1.3.48', '3.1.3.36;3.1.3.48', '3.1.3.2', '3.1.3.2', '3.1.3.2', '3.1.3.1;3.1.3.2', '3.1.3.1;3.1.3.2', '3.1.3.1;3.1.3.2', '1.14.13.21', '1.14.13.21;1.14.13.88', '1.14.13.21;1.14.13.88', '1.14.13.21;1.14.13.88', '1.14.13.21;1.14.13.88', '1.14.13.21;1.14.13.88', '4.2.1.94', '1.14.13.52;1.14.14.88', '1.14.13.52;1.14.14.88', '1.14.13.52;1.14.14.88', '1.14.13.52;1.14.14.88', '1.14.13.52;1.14.14.88', '1.14.13.21;1.14.13.88', '1.14.13.21;1.14.13.88', '1.14.13.21;1.14.13.88', '1.14.13.21;1.14.13.88', '1.14.13.21;1.14.13.88', '1.14.13.21', '1.14.13.21', '1.14.13.21', '1.14.13.21', '1.14.13.21', '1.14.13.53;1.14.13.89;1.14.14.90', '1.14.13.53;1.14.13.89;1.14.14.90', '1.14.13.53;1.14.13.89;1.14.14.90', '1.14.13.53;1.14.13.89;1.14.14.90', '1.14.13.53;1.14.13.89;1.14.14.90', '1.14.13.89', '1.14.13.89', '1.14.13.89', '1.14.13.89', '1.14.13.89', '1.14.13.88', '1.14.13.88', '1.14.13.88', '1.14.13.88', '1.14.13.88', '1.14.13.88', '1.14.13.88', '1.14.13.88', '1.14.13.88', '1.14.13.88', '1.14.13.-', '1.14.13.-', '1.14.13.-', '1.14.13.-', '1.14.13.-', '1.14.13.52;1.14.14.88', '1.14.13.52;1.14.14.88', '1.14.13.52;1.14.14.88', '1.14.13.52;1.14.14.88', '1.14.13.52;1.14.14.88', '1.14.13.21', '1.14.13.21', '1.14.13.21', '1.14.13.21', '1.14.13.21', '1.14.13.21', '1.14.13.21', '1.14.13.21', '1.14.13.21', '1.14.13.21', '1.14.13.103', '1.14.13.103', '1.14.13.103', '1.14.13.103', '1.14.13.103', '1.14.13.88', '1.14.13.88', '1.14.13.89', '1.14.13.89', '1.14.13.89', '1.14.13.89', '1.14.13.89', '1.14.13.89', '1.14.13.89', '1.14.13.89', '1.14.13.89', '1.14.13.89', '1.14.13.88', '1.14.13.88', '1.14.13.88', '1.14.13.88', '1.14.13.88', '1.14.13.88', '1.14.13.88', '1.14.13.88', '1.14.13.88', '1.14.13.88', '1.14.13.89', '1.14.13.89', '1.14.13.89', '1.14.13.89', '1.14.13.89', '1.14.13.-', '1.14.13.-', '1.14.13.-', '1.14.13.-', '1.14.13.-', '1.14.13.21', '1.14.13.21', '1.14.13.21', '1.14.13.21', '1.14.13.21', '1.14.13.-', '1.14.13.-', '1.14.13.-', '1.14.13.103', '1.14.13.103', '1.14.13.103', '1.14.13.103', '1.14.13.103', '1.14.14.-', '1.14.14.-', '1.14.14.-', '1.14.14.-', '1.14.14.-', '1.14.14;1.14.14.-', '1.14.14;1.14.14.-', '1.14.14;1.14.14.-', '1.14.14;1.14.14.-', '1.14.14;1.14.14.-', '1.14.14', '1.14.14', '1.14.14', '1.14.14', '1.14.14']"
Resveratrol,C14H12O3,C03582,27881.0,heterologous,other,Link,C1=CC(=CC=C1/C=C/C2=CC(=CC(=C2)O)O)O,17,"['1.14.13.6', '1.14.13.6', '1.14.13.6', '1.14.13.6', '1.1.1.252', '1.14.13.19', '1.14.13.19', '1.14.13.19', '1.14.13.19', '1.14.13.19', '1.14.13.19', '1.14.13.44', '1.14.13.44', '1.14.13.44', '1.14.13.44', '1.14.13.219;1.14.13.7', '1.14.13.219;1.14.13.7', '1.14.13.219;1.14.13.7', '1.14.13.219;1.14.13.7', '1.14.13.-;1.6.5.2', '1.14.13.-;1.6.5.2', '1.14.13.-;1.6.5.2', '1.14.13.-;1.6.5.2', '1.14.13.-;1.14.13.220', '1.14.13.-;1.14.13.220', '1.14.13.-;1.14.13.220', '1.14.13.-;1.14.13.220', '1.13.11;1.13.11.-', '1.14.13.44', '1.14.13.44', '1.14.13.44', '1.14.13.44', '1.14.13;1.14.13.-', '1.14.13;1.14.13.-', '1.14.13;1.14.13.-', '1.14.13;1.14.13.-', '1.13.12', '1.14.13', '1.14.13', '1.14.13', '1.14.13', '1.11;1.11.2.1', '1.11;1.11.2.1', '3.1.3.2;3.1.3.48', '3.1.3.2;3.1.3.48', '1.14.14.57', '1.14.14.57', '3.1.3.1;3.1.3.2', '3.1.3.1;3.1.3.2', '1.97.1.2', '1.97.1.2', '1.14.13.21;1.14.13.88', '1.14.13.21;1.14.13.88', '1.14.13.21;1.14.13.88', '1.14.13.21;1.14.13.88', '4.2.1.94', '1.14.13.21;1.14.13.88', '1.14.13.21;1.14.13.88', '1.14.13.21;1.14.13.88', '1.14.13.21;1.14.13.88', '1.14.13.21', '1.14.13.21', '1.14.13.21', '1.14.13.21', '1.14.13.88', '1.14.13.88', '1.14.13.88', '1.14.13.88', '1.14.13.88', '1.14.13.88', '1.14.13.88', '1.14.13.88', '1.14.13.-', '1.14.13.-', '1.14.13.-', '1.14.13.-', '1.14.13.21', '1.14.13.21', '1.14.13.21', '1.14.13.21', '1.14.13.88', '1.14.13.88', '1.14.13.88', '1.14.13.88', '1.14.13.89', '1.14.13.89', '1.14.13.89', '1.14.13.89', '1.14.13.89', '1.14.13.89', '1.14.13.89', '1.14.13.89', '1.14.13.88', '1.14.13.88', '1.14.13.88', '1.14.13.88', '1.14.13.89', '1.14.13.89', '1.14.13.89', '1.14.13.89', '1.14.13.21', '1.14.13.21', '1.14.13.21', '1.14.13.21', '1.14.14.27', '1.14.14.27', '1.14.14.27', '1.14.14.27']"
α-Farnesene,C15H24,C09665,10280.0,heterologous,terpene,Link,CC(=CCC/C(=C/C/C=C(\C)/C=C)/C)C,15,"['1.14.13.107', '1.14.13.107', '1.14.13.107', '1.14.13.107', '1.14.13.107', '1.14.13.107', '1.14.13.107', '1.14.13.107', '1.14.13.107', '1.14.13', '1.14.13', '1.14.13', '4.2.1', '1.14.13;1.14.13.48', '1.14.13;1.14.13.48', '1.14.13;1.14.13.48', '1.14.13.48', '1.14.13.49', '1.14.13.49', '1.14.13.49', '1.14.13.49', '1.14.13.49', '1.14.13.49', '1.14.13.107', '1.14.13.107', '1.14.13.107', '1.14.13.-;1.14.13.107', '1.14.13.-;1.14.13.107', '1.14.13.-;1.14.13.107', '1.1.1', '1.1.1', '1.1.1', '1.14.13.107', '1.14.13.107', '1.14.13.107', '1.14.13.107', '1.14.13.107', '1.14.13.107', '1.14.13.107', '1.14.13.107', '1.14.13.107', '1.14.13.107', '1.14.13.107', '1.14.13.107', '1.14.13.133', '1.14.13.133', '1.14.13.133', '1.14.13.145', '1.14.13.-', '1.14.13.-', '1.14.13.-', '1.14.13.-', '1.14.13.-', '1.14.13.-', '1.14.13.48', '1.14.13.48', '1.14.13.48', '1.14.13.129', '1.14.13.129', '1.14.13.80;1.14.14.53', '1.14.13.80;1.14.14.53', '1.14.13.80;1.14.14.53', '1.3.8.2', '1.3.8.2', '1.3.8.2', '1.17.8.1']"
Amorphadiene,C15H24,C16028,52026.0,heterologous,terpene,Link,C[C@@H]1CC[C@H]([C@@H]2[C@H]1CCC(=C2)C)C(=C)C,9,"['1.14.13.107', '1.14.13.-;1.14.15.-;1.14.15.3', '1.14.13.-;1.14.15.-;1.14.15.3', '1.14.13.-;1.14.15.-;1.14.15.3', '1.14.13.-;1.14.15.-;1.14.15.3', '1.14.13.107', '1.14.13.107', '1.14.13', '1.14.13', '1.14.13.49', '1.14.13.49', '1.14.13.49', '1.14.13.49', '1.14.13.-;1.14.13.155', '1.14.13.107', '1.14.13.-;1.14.13.107', '1.14.13.107', '1.14.13.107', '1.14.13.107', '1.14.13.107', '1.14.13.-', '1.14.13.123', '1.14.13.121', '1.14.13.133', '1.14.13.133', '1.14.13.-', '1.14.13.-', '1.14.13.-', '1.14.13.-', '1.14.13.-;1.14.13.158', '1.14.-.-', '1.14.-.-', '4.2.1.138']"
Geraniol,C10H18O,C01500,17447.0,heterologous,terpene,Link,CC(=CCC/C(=C/CO)/C)C,16,"['1.14.13.107', '1.14.13.107', '1.14.13.107', '1.14.13.107', '1.14.13.107', '1.14.13.107', '5.4.4.4', '1.1.3.-', '3.1.3', '1.14.13', '1.14.13', '3.1.3;3.1.3.-', '4.2.1', '1.14.13;1.14.13.-', '1.14.13;1.14.13.-', '1.14.13;1.14.13.48', '1.14.13;1.14.13.48', '1.14.14.145', '1.14.14.145', '1.14.14.145', '1.14.13.49', '1.14.13.49', '1.14.13.49', '1.14.13.49', '1.14.13.78', '1.14.14.145', '1.14.13.107', '1.14.13.107', '1.14.13.-;1.14.13.107', '1.14.13.-;1.14.13.107', '1.1.1', '1.1.1', '1.14.13.107', '1.14.13.107', '1.14.13.107', '1.14.13.107', '1.14.13.107', '1.14.13.107', '1.14.13.107', '1.14.13.107', '1.14.13.133', '1.14.13.144', '1.14.13.-', '1.14.13.-', '1.14.13.-', '1.14.13.-', '1.14.13.-', '1.14.13.-', '1.14.13.48', '1.14.13.48', '1.14.13.80;1.14.14.53', '1.14.13.80;1.14.14.53', '1.3.8.2', '1.3.8.2', '1.3.8.2', '1.17.8.1']"
Limonene,C10H16,C06078,15384.0,heterologous,terpene,Link,CC1=CCC(CC1)C(=C)C,9,"['1.14.13.107', '1.14.13.-;1.14.15.-;1.14.15.3', '1.14.13.-;1.14.15.-;1.14.15.3', '1.14.13.-;1.14.15.-;1.14.15.3', '1.14.13.107', '1.14.13.107', '1.14.13', '1.14.13', '1.14.13.49', '1.14.13.49', '1.14.13.49', '1.14.13.49', '1.14.13.-;1.14.13.155', '1.14.13.107', '1.14.13.-;1.14.13.107', '1.14.13.-;1.14.13.119;1.14.14.149', '1.14.13.107', '1.14.13.107', '1.14.13.107', '1.14.13.107', '1.14.13.-', '1.14.13.123', '1.14.13.121', '1.14.13.121', '1.14.13.133', '1.14.13.133', '1.14.13.-', '1.14.13.-', '1.14.13.-', '1.14.13.-', '1.14.13.-;1.14.13.158', '1.14.13.-', '1.14.13.119', '4.2.1.138', '1.17.8.1']"
Linalool,C10H18O,C03985,17580.0,heterologous,terpene,Link,CC(=CCCC(C)(C=C)O)C,5,"['4.2.1.127', '5.4.4.4', '1.14.13.229', '1.14.13.229', '1.14.13.M41', '1.14.13.M41', '1.14.13.M41', '1.14.13.M41', '1.14.13;1.14.13.-', '5.4.4.8', '1.14.13.-']"
Lupeol,C30H50O,C08628,6570.0,heterologous,terpene,Link,CC(=C)[C@@H]1CC[C@]2([C@H]1[C@H]3CC[C@@H]4[C@]5(CC[C@@H](C([C@@H]5CC[C@]4([C@@]3(CC2)C)C)(C)C)O)C)C,33,"['1.14.14.1', '1.14.14.1', '1.14.14.1', '1.14.14.1', '1.14.14.1', '1.14.14.1', '1.14.14.1', '1.14.14.1', '1.14.14.1', '1.14.14.1', '1.14.13.72', '1.14.-.-', '1.14.-.-', '1.14.-.-', '1.14.-.-', '1.14.-.-', '1.14.-.-', '1.14.-.-', '1.14.-.-', '1.14.-.-', '1.14.-.-', '1.14.-.-', '1.14.-.-', '1.14.-.-', '1.14.-.-', '1.14.-.-', '1.14.-.-', '1.14.-.-', '1.14.-.-', '1.14.-.-', '1.14.-.-', '1.14.13', '1.14.14.133', '1.3.1', '1.3.1', '1.14.13', '1.14.13;1.14.13.-', '1.14.13;1.14.13.-', '1.14.15.15', '1.14.15.15', '1.14.15.15', '1.14.15.15', '1.14.15.15', '1.14.13.126;1.14.15.16', '1.14.13.126;1.14.15.16', '1.14.13.126;1.14.15.16', '1.14.13.126;1.14.15.16', '1.14.13.126;1.14.15.16', '1.14.13.126;1.14.15.16', '1.14.13.126;1.14.15.16', '1.14.13.126;1.14.15.16', '1.14.13.126;1.14.15.16', '1.14.13.126;1.14.15.16', '1.14.14.25', '1.14.14.25', '1.14.14.25', '1.14.14.25', '1.14.14.25', '1.14.14.25', '1.14.14.25', '1.14.14.25', '1.14.14.25', '1.14.14.25', '1.14.14.55', '1.14.14.55', '1.14.14.55', '1.14.14.55', '1.14.14.55', '1.14.14.55', '1.14.14.55', '1.14.14.55', '1.14.14.55', '1.14.14.55', '1.14.-.-', '1.14.-.-', '1.14.-.-', '1.14.-.-', '1.14.-.-', '1.14.-.-', '1.14.-.-', '1.14.-.-', '1.14.-.-', '1.14.-.-', '1.14.-.-', '1.14.-.-', '1.14.-.-', '1.14.-.-', '1.14.-.-', '1.14.-.-', '1.14.-.-', '1.14.-.-', '1.14.-.-', '1.14.-.-', '1.14.-.-', '1.14.-.-', '1.14.-.-', '1.14.-.-', '1.14.-.-', '1.14.-.-', '1.14.-.-', '1.14.-.-', '1.14.-.-', '1.14.-.-', '1.14.13.49', '1.14.13.49', '1.14.14.25', '1.14.14.25', '1.14.14.25', '1.14.14.25', '1.14.14.25', '1.14.14.25', '1.14.14.25', '1.14.14.25', '1.14.14.25', '1.14.14.25', '1.14.13.30', '1.14.13.30', '1.14.13.30', '1.14.13.30', '1.14.13.30', '1.14.13.72', '1.14.13.78', '1.14.13.96', '1.14.13.96', '1.14.13.96', '1.14.13.96', '1.14.13.96', '1.14.13.96', '1.14.13.96', '1.14.13.96', '1.14.13.96', '1.14.13.96', '1.14.13;1.14.13.-', '1.14.13;1.14.13.-', '1.14.13;1.14.13.-', '1.14.13;1.14.13.-', '1.14.13;1.14.13.-', '1.14.13;1.14.13.-', '1.14.13;1.14.13.-', '1.14.13;1.14.13.-', '1.14.13;1.14.13.-', '1.14.13;1.14.13.-', '1.14.19.41;1.3.1.-', '1.14.19.41;1.3.1.-', '1.14.19.41;1.3.1.-', '1.14.19.41;1.3.1.-', '1.14.19.41;1.3.1.-', '1.14.13.-', '1.14.13.-', '1.14.13.-', '1.14.13.-', '1.14.13.-', '1.14.13.-', '1.14.13.-', '1.14.13.-', '1.14.13.-', '1.14.13.-', '1.14.14.149', '1.14.14.149', '1.14.14.149', '1.14.14.149', '1.14.14.149', '1.14.14.149', '1.14.14.149', '1.14.14.149', '1.14.14.149', '1.14.14.149', '1.3.1.-;1.3.1.72;1.3.1.M20', '1.3.1.-;1.3.1.71', '1.14.19.41;1.3.1.-', '1.14.19.41;1.3.1.-', '1.14.19.41;1.3.1.-', '1.14.19.41;1.3.1.-', '1.14.19.41;1.3.1.-', '1.14.13;1.14.13.-', '1.14.13;1.14.13.-', '1.14.13;1.14.13.-', '1.14.13;1.14.13.-', '1.14.13;1.14.13.-', '1.14.13;1.14.13.-', '1.14.13;1.14.13.-', '1.14.13;1.14.13.-', '1.14.13;1.14.13.-', '1.14.13;1.14.13.-', '1.14.13.246', '1.14.13.129', '1.14.13.129', '1.14.13.126', '1.14.13.126', '1.14.13.126', '1.14.13.126', '1.14.13.126', '1.14.13.126', '1.14.13.126', '1.14.13.126', '1.14.13.126', '1.14.13.126', '1.14.13.123', '1.14.13.133', '1.14.13;1.14.13.143', '1.14.13;1.14.13.143', '1.14.13;1.14.13.143', '1.14.13;1.14.13.143', '1.14.13;1.14.13.143', '1.14.13;1.14.13.143', '1.14.13;1.14.13.143', '1.14.13;1.14.13.143', '1.14.13;1.14.13.143', '1.14.13;1.14.13.143', '1.14.13.144', '1.14.13.112', '1.14.13.112', '1.14.13.112', '1.14.13.112', '1.14.13.112', '1.14.13.112', '1.14.13.112', '1.14.13.112', '1.14.13.112', '1.14.13.112', '1.14.13.112', '1.14.13.112', '1.14.13.112', '1.14.13.112', '1.14.13.112', '1.14.13.112', '1.14.13.112', '1.14.13.112', '1.14.13.112', '1.14.13.112', '1.14.13.-', '1.14.13.-', '1.14.13.-', '1.14.13.-', '1.14.13.-', '1.14.13.-', '1.14.13.-', '1.14.13.-', '1.14.13.-', '1.14.13.-', '1.14.13.-', '1.14.13.-', '1.14.13.-', '1.14.11.-', '1.14.13.-', '1.14.13.-', '1.14.13.-', '1.14.13.-', '1.14.13.-', '1.14.13.-', '1.14.13.-', '1.14.13.-', '1.14.13.-', '1.14.13.-', '1.14.13.-', '1.14.13.-', '1.14.13.-', '1.14.13.-', '1.14.13.-', '1.14.13.-', '1.14.13.-', '1.14.13.-', '1.14.13.-', '1.14.13.-', '1.14.13.-;1.14.13.158', '1.14.13.-', '1.14.13.-', '1.14.13.-', '1.14.13.-', '1.14.13.-', '1.14.13.-', '1.14.13.-', '1.14.13.-', '1.14.13.-', '1.14.13.-', '1.14.11.-', '1.14.13.72', '1.14.13.72', '1.14.13.72', '1.14.13.72', '1.14.13.72', '1.14.13.72', '1.14.13.129', '1.14.13.129', '1.14.13.96', '1.14.13.96', '1.14.13.96', '1.14.13.96', '1.14.13.96', '1.14.13.96', '1.14.13.96', '1.14.13.96', '1.14.13.96', '1.14.13.96', '1.14.13.72', '1.14.13.72', '1.14.13.72', '1.14.13.72', '1.14.13.72', '1.14.13.72', '1.14.13.72', '1.14.13.72', '1.14.13.72', '1.14.13.72', '1.14.13.72', '1.14.13.72', '1.14.13.72', '1.14.13.72', '1.14.13.72', '1.14.13.72', '1.14.13.72', '1.14.13.72', '1.14.13.173', '1.14.13.183', '1.14.13.183', '1.14.13.183', '1.14.13.183', '1.14.13.183', '1.14.13.183', '1.14.13.183', '1.14.13.183', '1.14.13.183', '1.14.13.183', '1.14.13.184', '1.14.13.184', '1.14.13.184', '1.14.13.184', '1.14.13.184', '1.14.13.184', '1.14.13.184', '1.14.13.184', '1.14.13.184', '1.14.13.184', '1.14.13.98', '1.14.13.98', '1.14.13.98', '1.14.13.98', '1.14.13.98', '1.14.13.98', '1.14.13.98', '1.14.13.98', '1.14.13.98', '1.14.13.98', '1.14.13.-;1.14.15.6', '1.14.13.-;1.14.15.6', '1.14.13.-;1.14.15.6', '1.14.13.-;1.14.15.6', '1.14.13.-;1.14.15.6', '1.14.13.-;1.14.15.6', '1.14.13.-;1.14.15.6', '1.14.13.-;1.14.15.6', '1.14.13.-;1.14.15.6', '1.14.13.-;1.14.15.6']"
Oleanolic acid,C30H48O3,C17148,37659.0,heterologous,terpene,Link,C[C@]12CC[C@@H](C([C@@H]1CC[C@@]3([C@@H]2CC=C4[C@]3(CC[C@@]5([C@H]4CC(CC5)(C)C)C(=O)O)C)C)(C)C)O,42,"['1.14.15.4', '1.14.15.4', '1.14.15.4', '1.14.15.4', '1.14.15.4', '1.14.15.4', '1.14.15.4', '1.14.15.4', '1.14.15.4', '1.14.15.4', '1.14.15.4', '1.14.15.4', '1.14.15.4', '1.14.15.4', '1.14.15.4', '1.14.15.4', '1.14.15.4', '1.14.15.4', '1.14.15.4', '1.14.15.4', '1.14.14.1;1.14.14.25;1.14.14.55;1.14.14.57', '1.1.3.16', '1.14.14.1', '1.14.14.1', '1.14.14.1', '1.14.14.1', '1.14.14.1', '1.14.14.1', '1.14.14.1', '1.14.14.1', '1.14.14.1', '1.14.14.1', '1.14.-.-', '1.14.-.-', '1.14.-.-', '1.14.-.-', '1.14.-.-', '1.14.-.-', '1.14.-.-', '1.14.-.-', '1.14.-.-', '1.14.-.-', '1.14.-.-', '1.14.-.-', '1.14.-.-', '1.14.-.-', '1.14.-.-', '1.14.-.-', '1.14.-.-', '1.14.-.-', '1.14.-.-', '1.14.-.-', '1.3.1', '1.14.13', '1.14.13', '1.14.13', '1.14.13', '1.14.13', '1.14.13', '1.14.13', '1.14.13', '1.14.13', '1.14.13', '1.14.13', '1.14.13', '1.14.13', '1.14.13', '1.14.13', '1.14.13', '1.14.13', '1.14.13', '1.14.13', '1.14.13', '1.14.14.25', '1.14.14.25', '1.14.14.25', '1.14.14.25', '1.14.14.25', '1.14.14.25', '1.14.14.25', '1.14.14.25', '1.14.14.25', '1.14.14.25', '3.1.3', '3.1.3', '3.1.3', '3.1.3', '1.14.14.55', '1.14.14.55', '1.14.14.55', '1.14.14.55', '1.14.14.55', '1.14.14.55', '1.14.14.55', '1.14.14.55', '1.14.14.55', '1.14.14.55', '1.14.15.4', '1.14.15.4', '1.14.15.4', '1.14.15.4', '1.14.15.4', '1.14.15.4', '1.14.15.4', '1.14.15.4', '1.14.15.4', '1.14.15.4', '1.14.15.4', '1.14.15.4', '1.14.15.4', '1.14.15.4', '1.14.15.4', '1.14.15.4', '1.14.15.4', '1.14.15.4', '1.14.15.4', '1.14.15.4', '1.14.-.-', '1.14.-.-', '1.14.-.-', '1.14.-.-', '1.14.-.-', '1.14.-.-', '1.14.-.-', '1.14.-.-', '1.14.-.-', '1.14.-.-', '1.14.-.-', '1.14.-.-', '1.14.-.-', '1.14.-.-', '1.14.-.-', '1.14.-.-', '1.14.-.-', '1.14.-.-', '1.14.-.-', '1.14.-.-', '1.14.-.-', '1.14.-.-', '1.14.-.-', '1.14.-.-', '1.14.-.-', '1.14.-.-', '1.14.-.-', '1.14.-.-', '1.14.-.-', '1.14.-.-', '1.14.13.30', '1.14.13.30', '1.14.13.30', '1.14.13.30', '1.14.13.30', '1.14.13.94', '1.14.13.94', '1.14.13.94', '1.14.13.94', '1.14.13.94', '1.14.13.94', '1.14.13.94', '1.14.13.94', '1.14.13.94', '1.14.13.94', '1.14.13.-;1.14.13.146', '1.14.13.-;1.14.13.146', '1.14.13.147', '1.14.13.147', '1.14.13.147', '1.14.13.147', '1.14.13.147', '1.14.13.147', '1.14.13.147', '1.14.13.147', '1.14.13.147', '1.14.13.147', '1.14.13.-', '1.14.13.-', '1.14.13.-', '1.14.13.-', '1.14.13.-', '1.14.13.-', '1.14.13.-', '1.14.13.-', '1.14.13.-', '1.14.13.-', '1.14.13.-', '1.14.13.-', '3.1.3', '3.1.3', '1.14.14.149', '1.14.14.149', '1.14.14.149', '1.14.14.149', '1.14.14.149', '1.14.14.149', '1.14.14.149', '1.14.14.149', '1.14.14.149', '1.14.14.149', '1.14.14.149', '1.14.99.45', '1.14.13.-', '1.14.13.-', '1.14.13.-', '1.14.13.-', '1.14.13.-', '1.14.13.-', '1.14.13.-', '1.14.13.-', '1.14.13.-', '1.14.13.-', '1.14.13.-', '1.14.13.-', '1.14.13.-', '1.14.13.-', '1.14.13.-', '1.14.13.-', '1.14.13.-', '1.14.13.-', '1.14.13.-', '1.14.13.-', '1.14.15.5', '1.14.15.5', '1.14.15.5', '1.14.15.5', '1.14.15.5', '1.14.13.94', '1.14.13.94', '1.14.13.94', '1.14.13.94', '1.14.13.94', '1.14.13.94', '1.14.13.94', '1.14.13.94', '1.14.13.94', '1.14.13.94', '1.14.13.184', '1.14.13.184', '1.14.13.184', '1.14.13.184', '1.14.13.184', '1.14.13.184', '1.14.13.184', '1.14.13.184', '1.14.13.184', '1.14.13.184', '1.14.14.1', '1.17.99.5', '1.17.99.5', '1.17.99.5', '1.17.99.5', '1.17.99.5', '1.17.99.5', '1.17.99.5', '1.17.99.5', '1.17.99.5', '1.17.99.5', '1.17.99.5', '1.14.13.97', '1.14.13.97', '1.14.13.97', '1.14.13.97', '1.14.13.97', '1.14.13.97', '1.14.13.97', '1.14.13.97', '1.14.13.97', '1.14.13.97', '1.17.99.5', '1.17.99.5', '1.17.99.5', '1.17.99.5', '1.17.99.5', '1.17.99.5', '1.17.99.5', '1.17.99.5', '1.17.99.5', '1.17.99.5', '1.17.99.5', '1.2.1']"
Patchoulol,C15H26O,C19755,7940.0,heterologous,terpene,Link,C[C@H]1CC[C@@]2([C@@]3([C@H]1C[C@H](C2(C)C)CC3)C)O,19,"['1.14.14.1', '1.14.14.1', '1.14.14.1', '1.14.14.1', '1.14.14.1', '1.14.13.-', '1.14.13.-', '1.14.13.-', '1.14.13.-', '1.14.13.-', '1.14.-.-', '1.14.-.-', '1.14.-.-', '1.14.-.-', '1.14.-.-', '1.14.-.-', '1.14.-.-', '1.14.-.-', '1.14.-.-', '1.14.-.-', '1.14.13', '1.14.13', '1.14.13', '1.14.13', '1.14.13', '1.14.13;1.14.13.-', '4.1.99.16', '1.14.15.15', '1.14.15.15', '1.14.-.-', '1.14.-.-', '1.14.-.-', '1.14.-.-', '1.14.-.-', '1.14.-.-', '1.14.-.-', '1.14.-.-', '1.14.-.-', '1.14.-.-', '1.14.-.-', '1.14.-.-', '1.14.-.-', '1.14.-.-', '1.14.-.-', '1.14.13.30', '1.14.13.30', '1.14.13.94', '1.14.13.94', '1.14.13.94', '1.14.13.94', '1.14.13.94', '1.14.13.96', '1.14.13.96', '1.14.13.96', '1.14.13.96', '1.14.13.96', '1.14.13.-', '1.14.13.-', '1.14.13.-', '1.14.13.-', '1.14.13.-', '1.14.13;1.14.13.-', '1.14.13;1.14.13.-', '1.14.13;1.14.13.-', '1.14.13;1.14.13.-', '1.14.13;1.14.13.-', '1.14.13.-', '1.14.13.-', '1.14.13.-', '1.14.13.-', '1.14.13.-', '1.14.14.149', '1.14.14.149', '1.14.14.149', '1.14.14.149', '1.14.14.149', '1.14.13.246', '1.14.13.112', '1.14.13.112', '1.14.13.112', '1.14.13.112', '1.14.13.112', '1.14.13.112', '1.14.13.112', '1.14.13.112', '1.14.13.112', '1.14.13.112', '1.14.13.-', '1.14.13.-', '1.14.13.-', '1.14.13.-', '1.14.13.-', '1.14.13.-', '1.14.13.-', '1.14.13.-', '1.14.13.-', '1.14.13.-', '1.14.13.-', '1.14.13.-', '1.14.13.-', '1.14.13.-', '1.14.13.-', '1.14.13.-', '1.14.13.94', '1.14.13.94', '1.14.13.94', '1.14.13.94', '1.14.13.94', '1.14.13.96', '1.14.13.96', '1.14.13.96', '1.14.13.96', '1.14.13.96', '1.17.99.5', '1.17.99.5', '1.17.99.5', '1.17.99.5', '1.17.99.5', '1.14.13.97', '1.14.13.97', '1.14.13.97', '1.14.13.97', '1.14.13.97', '1.17.99.5', '1.17.99.5', '1.17.99.5', '1.17.99.5', '1.17.99.5']"
Protopanaxadiol,C30H52O3,C20715 ,75950.0,heterologous,terpene,Link,CC(=CCC[C@](C)([C@H]1CC[C@@]2([C@@H]1[C@@H](C[C@H]3[C@]2(CC[C@@H]4[C@@]3(CC[C@@H](C4(C)C)O)C)C)O)C)O)C,50,"['1.14.15.4', '1.14.15.4', '1.14.15.4', '1.14.15.4', '1.14.15.4', '1.14.15.4', '1.14.15.4', '1.14.15.4', '1.14.15.4', '1.14.15.4', '1.14.15.4', '1.14.15.4', '1.14.15.4', '1.14.15.4', '1.14.15.4', '1.14.15.4', '1.14.15.4', '1.14.15.4', '1.3.1.72', '1.14.13.-', '1.1.3.16', '1.1.3.16', '1.14.14.1', '1.14.14.1', '1.14.14.1', '1.14.14.1', '1.14.14.1', '1.14.14.1', '1.14.14.1', '1.14.14.1', '1.14.14.1', '4.2.1.95', '1.3.1.72', '4.2.1.97', '1.14.13.72', '1.14.-.-', '1.14.-.-', '1.14.-.-', '1.14.-.-', '1.14.-.-', '1.14.-.-', '1.14.-.-', '1.14.-.-', '1.14.-.-', '1.14.-.-', '1.14.-.-', '1.14.-.-', '1.14.-.-', '1.14.-.-', '1.14.-.-', '1.14.-.-', '1.14.-.-', '1.14.-.-', '1.3.1.72', '1.14.13;1.14.13.-', '1.14.13.-', '1.14.13.-', '1.14.13', '1.14.13', '1.14.13', '1.14.13', '1.14.13', '1.14.13', '1.14.13', '1.14.13', '1.14.13', '1.3.1.72', '4.1.99.16', '1.14.15.15', '1.14.15.15', '1.14.15.15', '1.14.15.15', '1.14.15.15', '1.14.13.126;1.14.15.16', '1.14.13.126;1.14.15.16', '1.14.13.126;1.14.15.16', '1.14.13.126;1.14.15.16', '1.14.13.126;1.14.15.16', '1.14.13.126;1.14.15.16', '1.14.13.126;1.14.15.16', '1.14.13.126;1.14.15.16', '1.14.13.126;1.14.15.16', '3.1.3', '3.1.3', '3.1.3', '3.1.3', '3.1.3', '3.1.3', '1.14.15.4', '1.14.15.4', '1.14.15.4', '1.14.15.4', '1.14.15.4', '1.14.15.4', '1.14.15.4', '1.14.15.4', '1.14.15.4', '1.14.15.4', '1.14.15.4', '1.14.15.4', '1.14.15.4', '1.14.15.4', '1.14.15.4', '1.14.15.4', '1.14.15.4', '1.14.15.4', '1.14.15.6', '1.14.15.6', '1.14.15.6', '1.14.15.6', '1.14.15.6', '1.14.15.6', '1.14.15.6', '1.14.15.6', '1.14.15.6', '1.14.-.-', '1.14.-.-', '1.14.-.-', '1.14.-.-', '1.14.-.-', '1.14.-.-', '1.14.-.-', '1.14.-.-', '1.14.-.-', '1.14.-.-', '1.14.-.-', '1.14.-.-', '1.14.-.-', '1.14.-.-', '1.14.-.-', '1.14.-.-', '1.14.-.-', '1.14.-.-', '1.14.-.-', '1.14.-.-', '1.14.-.-', '1.14.-.-', '1.14.-.-', '1.14.-.-', '1.14.-.-', '1.14.-.-', '1.14.-.-', '1.14.14.25', '1.14.14.25', '1.14.14.25', '1.14.14.25', '1.14.14.25', '1.14.14.25', '1.14.14.25', '1.14.14.25', '1.14.14.25', '1.14.13.-;1.14.13.95;1.14.18.8', '1.14.13.-;1.14.13.95;1.14.18.8', '1.14.13.-;1.14.13.95;1.14.18.8', '1.14.13.-;1.14.13.95;1.14.18.8', '1.14.13.-;1.14.13.95;1.14.18.8', '1.14.13.-;1.14.13.95;1.14.18.8', '1.14.13.-;1.14.13.95;1.14.18.8', '1.14.13.-;1.14.13.95;1.14.18.8', '1.14.13.-;1.14.13.95;1.14.18.8', '1.14.13.30', '1.14.13.30', '1.14.13.30', '1.14.13.30', '1.14.13.30', '1.14.13.72', '1.14.13.94', '1.14.13.94', '1.14.13.94', '1.14.13.94', '1.14.13.94', '1.14.13.94', '1.14.13.94', '1.14.13.94', '1.14.13.94', '1.14.13.96', '1.14.13.96', '1.14.13.96', '1.14.13.96', '1.14.13.96', '1.14.13.96', '1.14.13.96', '1.14.13.96', '1.14.13.96', '1.14.13.-', '1.14.13.-', '1.14.13.-', '1.14.13.-', '1.14.13.-', '1.14.13.-', '1.14.13.-', '1.14.13.-', '1.14.13.-', '1.14.13;1.14.13.-', '1.14.13;1.14.13.-', '1.14.13;1.14.13.-', '1.14.13;1.14.13.-', '1.14.13;1.14.13.-', '1.14.13;1.14.13.-', '1.14.13;1.14.13.-', '1.14.13;1.14.13.-', '1.14.13;1.14.13.-', '1.14.19.41;1.3.1.-', '1.14.19.41;1.3.1.-', '1.14.19.41;1.3.1.-', '1.14.19.41;1.3.1.-', '1.14.13.-', '1.14.13.-', '1.14.13.-', '1.14.13.-', '1.14.13.-', '1.14.13.-', '1.14.13.-', '1.14.13.-', '1.14.13.-', '3.1.3', '3.1.3', '3.1.3', '1.14.14.149', '1.14.14.149', '1.14.14.149', '1.14.14.149', '1.14.14.149', '1.14.14.149', '1.14.14.149', '1.14.14.149', '1.14.14.149', '1.14.14.149', '1.14.19.41;1.3.1.-', '1.14.19.41;1.3.1.-', '1.14.19.41;1.3.1.-', '1.14.19.41;1.3.1.-', '1.14.13;1.14.13.-', '1.14.13;1.14.13.-', '1.14.13;1.14.13.-', '1.14.13;1.14.13.-', '1.14.13;1.14.13.-', '1.14.13;1.14.13.-', '1.14.13;1.14.13.-', '1.14.13;1.14.13.-', '1.14.13;1.14.13.-', '1.14.13.246', '1.3.1.72', '1.14.13.-;1.14.13.112', '1.14.13.-;1.14.13.112', '1.14.13.-;1.14.13.112', '1.14.13.-;1.14.13.112', '1.14.13.-;1.14.13.112', '1.14.13.-;1.14.13.112', '1.14.13.-;1.14.13.112', '1.14.13.-;1.14.13.112', '1.14.13.-;1.14.13.112', '1.14.13.-;1.14.13.112', '1.14.13.-;1.14.13.112', '1.14.13.-;1.14.13.112', '1.14.13.-;1.14.13.112', '1.14.13.-;1.14.13.112', '1.14.13.-;1.14.13.112', '1.14.13.-;1.14.13.112', '1.14.13.-;1.14.13.112', '1.14.13.-;1.14.13.112', '1.14.13.126', '1.14.13.126', '1.14.13.126', '1.14.13.126', '1.14.13.126', '1.14.13.126', '1.14.13.126', '1.14.13.126', '1.14.13.126', '1.14.13.112', '1.14.13.112', '1.14.13.112', '1.14.13.112', '1.14.13.112', '1.14.13.112', '1.14.13.112', '1.14.13.112', '1.14.13.112', '1.14.13.112', '1.14.13.112', '1.14.13.112', '1.14.13.112', '1.14.13.112', '1.14.13.112', '1.14.13.112', '1.14.13.112', '1.14.13.112', '1.14.13.-', '1.14.13.-', '1.14.13.-', '1.14.13.-', '1.14.13.-', '1.14.13.-', '1.14.13.-', '1.14.13.-', '1.14.13.-', '1.14.99.45', '1.14.13.-', '1.14.13.-', '1.14.13.-', '1.14.13.-', '1.14.13.-', '1.14.13.-', '1.14.13.-', '1.14.13.-', '1.14.13.-', '1.14.13.-', '1.14.13.-', '1.14.13.-', '1.14.13.-', '1.14.13.-', '1.14.13.-', '1.14.13.-', '1.14.13.-', '1.14.13.-', '1.14.13.-', '1.14.13.-', '1.14.13.-', '1.14.13.-', '1.14.13.-', '1.14.13.-', '1.14.13.-', '1.14.13.-', '1.14.13.-', '1.14.13.-', '1.14.13.-', '1.14.13.-', '1.14.13.-', '1.14.13.-', '1.14.13.-', '1.14.13.-', '1.14.13.-', '1.14.13.-', '1.14.13.-', '1.14.13.72', '1.14.13.72', '1.14.13.72', '1.14.13.72', '1.14.13.72', '1.14.13.72', '1.14.15.5', '1.14.15.5', '1.14.15.5', '1.14.15.5', '1.14.15.5', '1.14.13.94', '1.14.13.94', '1.14.13.94', '1.14.13.94', '1.14.13.94', '1.14.13.94', '1.14.13.94', '1.14.13.94', '1.14.13.94', '1.14.13.96', '1.14.13.96', '1.14.13.96', '1.14.13.96', '1.14.13.96', '1.14.13.96', '1.14.13.96', '1.14.13.96', '1.14.13.96', '1.14.13.72', '1.14.13.72', '1.14.13.72', '1.14.13.72', '1.14.13.72', '1.14.13.72', '1.14.13.72', '1.14.13.72', '1.14.13.72', '1.14.13.72', '1.14.13.72', '1.14.13.72', '1.14.13.72', '1.14.13.72', '1.14.13.72', '1.14.13.72', '1.14.13.72', '1.14.13.72', '1.14.13.183', '1.14.13.183', '1.14.13.183', '1.14.13.183', '1.14.13.183', '1.14.13.183', '1.14.13.183', '1.14.13.183', '1.14.13.183', '1.14.13.184', '1.14.13.184', '1.14.13.184', '1.14.13.184', '1.14.13.184', '1.14.13.184', '1.14.13.184', '1.14.13.184', '1.14.13.184', '1.14.13.98', '1.14.13.98', '1.14.13.98', '1.14.13.98', '1.14.13.98', '1.14.13.98', '1.14.13.98', '1.14.13.98', '1.14.13.98', '1.14.13.-;1.14.15.6', '1.14.13.-;1.14.15.6', '1.14.13.-;1.14.15.6', '1.14.13.-;1.14.15.6', '1.14.13.-;1.14.15.6', '1.14.13.-;1.14.15.6', '1.14.13.-;1.14.15.6', '1.14.13.-;1.14.15.6', '1.14.13.-;1.14.15.6', '1.17.99.5', '1.17.99.5', '1.17.99.5', '1.17.99.5', '1.17.99.5', '1.17.99.5', '1.17.99.5', '1.17.99.5', '1.17.99.5', '1.17.99.5', '1.17.99.5', '1.14.13.97', '1.14.13.97', '1.14.13.97', '1.14.13.97', '1.14.13.97', '1.14.13.97', '1.14.13.97', '1.14.13.97', '1.14.13.97', '1.17.99.5', '1.17.99.5', '1.17.99.5', '1.17.99.5', '1.17.99.5', '1.17.99.5', '1.17.99.5', '1.17.99.5', '1.17.99.5', '1.17.99.5', '1.17.99.5', '1.3.1.72', '1.3.1.72', '1.3.1.72']"
Santalene,C15H24,C19736,,heterologous,terpene,Link,CC(=CCCC1(C2CC3C1(C3C2)C)C)C,5,"['1.14.13.-', '1.14.13', '1.14.13;1.14.13.48', '1.14.13.49', '1.14.13.49', '1.14.13;1.14.14.1', '1.14.13.-;1.14.14.149', '1.14.13.133', '1.14.13;1.14.13.143', '1.14.13;1.14.13.143', '1.14.13;1.14.13.143', '1.14.13.-', '1.14.13.-', '1.14.13.48', '1.14.13.107', '1.14.13.107', '1.14.13.107', '1.14.13.107', '1.14.13.106', '1.14.13.80;1.14.14.53']"
β-Amyrin,C30H50O,C08616,10352.0,heterologous,terpene,Link,C[C@@]12CC[C@@]3(C(=CC[C@H]4[C@]3(CC[C@@H]5[C@@]4(CC[C@@H](C5(C)C)O)C)C)[C@@H]1CC(CC2)(C)C)C,36,"['1.14.21.6', '1.14.21.6', '1.14.14.1;1.14.14.25;1.14.14.55;1.14.14.57', '1.14.13.-', '1.14.14.1', '1.14.14.1', '1.14.14.1', '1.14.14.1', '1.14.14.1', '1.14.14.1', '1.14.14.1', '1.14.14.1', '1.14.14.1', '1.14.14.1', '1.14.13.72', '1.14.13.72', '1.14.-.-', '1.14.-.-', '1.14.-.-', '1.14.-.-', '1.14.-.-', '1.14.-.-', '1.14.-.-', '1.14.-.-', '1.14.-.-', '1.14.-.-', '1.14.-.-', '1.14.-.-', '1.14.-.-', '1.14.-.-', '1.14.-.-', '1.14.-.-', '1.14.-.-', '1.14.-.-', '1.14.-.-', '1.14.-.-', '5.3.3.5', '1.14.19.21', '1.14.19.21', '5.3.3.5', '1.3.1', '5.3.3', '5.3.3', '1.14.13', '1.14.13', '1.14.13', '1.14.13', '1.14.13', '1.14.13', '1.14.13', '1.14.13', '1.14.13', '1.14.13', '5.3.3.-;5.3.3.5', '1.14.13;1.14.13.-', '1.14.13;1.14.13.-', '1.14.13;1.14.13.-', '1.14.13;1.14.13.-', '1.14.13;1.14.13.-', '1.14.13;1.14.13.-', '1.14.13;1.14.13.-', '1.14.13;1.14.13.-', '1.14.13;1.14.13.-', '1.14.13;1.14.13.-', '1.14.21.6', '1.14.15.15', '1.14.15.15', '1.14.15.15', '1.14.15.15', '1.14.13.126;1.14.15.16', '1.14.13.126;1.14.15.16', '1.14.13.126;1.14.15.16', '1.14.13.126;1.14.15.16', '1.14.13.126;1.14.15.16', '1.14.13.126;1.14.15.16', '1.14.13.126;1.14.15.16', '1.14.13.126;1.14.15.16', '1.14.13.126;1.14.15.16', '1.14.13.126;1.14.15.16', '1.14.14.25', '1.14.14.25', '1.14.14.25', '1.14.14.25', '1.14.14.25', '1.14.14.25', '1.14.14.25', '1.14.14.25', '1.14.14.25', '1.14.14.25', '1.14.14.55', '1.14.14.55', '1.14.14.55', '1.14.14.55', '1.14.14.55', '1.14.14.55', '1.14.14.55', '1.14.14.55', '1.14.14.55', '1.14.14.55', '1.14.15.4', '1.14.15.4', '1.14.15.4', '1.14.15.4', '1.14.15.4', '1.14.15.4', '1.14.15.4', '1.14.15.4', '1.14.15.4', '1.14.15.4', '1.14.15.6', '1.14.15.6', '1.14.15.6', '1.14.15.6', '1.14.15.6', '1.14.15.6', '1.14.15.6', '1.14.15.6', '1.14.15.6', '1.14.15.6', '1.14.-.-', '1.14.-.-', '1.14.-.-', '1.14.-.-', '1.14.-.-', '1.14.-.-', '1.14.-.-', '1.14.-.-', '1.14.-.-', '1.14.-.-', '1.14.-.-', '1.14.-.-', '1.14.-.-', '1.14.-.-', '1.14.-.-', '1.14.-.-', '1.14.-.-', '1.14.-.-', '1.14.-.-', '1.14.-.-', '1.14.-.-', '1.14.-.-', '1.14.-.-', '1.14.-.-', '1.14.-.-', '1.14.-.-', '1.14.-.-', '1.14.-.-', '1.14.-.-', '1.14.-.-', '1.14.14.25', '1.14.14.25', '1.14.14.25', '1.14.14.25', '1.14.14.25', '1.14.14.25', '1.14.14.25', '1.14.14.25', '1.14.14.25', '1.14.14.25', '1.14.13.-;1.14.13.95;1.14.18.8', '1.14.13.-;1.14.13.95;1.14.18.8', '1.14.13.-;1.14.13.95;1.14.18.8', '1.14.13.-;1.14.13.95;1.14.18.8', '1.14.13.-;1.14.13.95;1.14.18.8', '1.14.13.-;1.14.13.95;1.14.18.8', '1.14.13.-;1.14.13.95;1.14.18.8', '1.14.13.-;1.14.13.95;1.14.18.8', '1.14.13.-;1.14.13.95;1.14.18.8', '1.14.13.-;1.14.13.95;1.14.18.8', '1.14.13.30', '1.14.13.30', '1.14.13.30', '1.14.13.30', '1.14.13.72', '1.14.13.72', '5.3.3.5', '1.14.13;1.14.13.-', '1.14.13;1.14.13.-', '1.14.13;1.14.13.-', '1.14.13;1.14.13.-', '1.14.13;1.14.13.-', '1.14.13;1.14.13.-', '1.14.13;1.14.13.-', '1.14.13;1.14.13.-', '1.14.13;1.14.13.-', '1.14.13;1.14.13.-', '1.14.19.41;1.3.1.-', '1.14.19.41;1.3.1.-', '1.14.19.41;1.3.1.-', '1.14.19.41;1.3.1.-', '1.14.13.-;1.14.13.146', '1.14.13.-;1.14.13.146', '1.14.13.-', '1.14.13.-', '1.14.13.-', '1.14.13.-', '1.14.13.-', '1.14.13.-', '1.14.13.-', '1.14.13.-', '1.14.13.-', '1.14.13.-', '1.14.13.-', '1.14.13.-;1.14.14.149', '1.14.14.149', '1.14.14.149', '1.14.14.149', '1.14.14.149', '1.14.14.149', '1.14.14.149', '1.14.14.149', '1.14.14.149', '1.14.14.149', '1.14.14.149', '1.14.14.149', '1.14.19.41;1.3.1.-', '1.14.19.41;1.3.1.-', '1.14.19.41;1.3.1.-', '1.14.19.41;1.3.1.-', '1.14.13;1.14.13.-', '1.14.13;1.14.13.-', '1.14.13;1.14.13.-', '1.14.13;1.14.13.-', '1.14.13;1.14.13.-', '1.14.13;1.14.13.-', '1.14.13;1.14.13.-', '1.14.13;1.14.13.-', '1.14.13;1.14.13.-', '1.14.13;1.14.13.-', '1.14.13.246', '1.14.13.246', '1.14.13.-;1.14.13.112', '1.14.13.-;1.14.13.112', '1.14.13.-;1.14.13.112', '1.14.13.-;1.14.13.112', '1.14.13.-;1.14.13.112', '1.14.13.-;1.14.13.112', '1.14.13.-;1.14.13.112', '1.14.13.-;1.14.13.112', '1.14.13.-;1.14.13.112', '1.14.13.-;1.14.13.112', '1.14.13.-;1.14.13.112', '1.14.13.-;1.14.13.112', '1.14.13.-;1.14.13.112', '1.14.13.-;1.14.13.112', '1.14.13.-;1.14.13.112', '1.14.13.-;1.14.13.112', '1.14.13.-;1.14.13.112', '1.14.13.-;1.14.13.112', '1.14.13.-;1.14.13.112', '1.14.13.-;1.14.13.112', '1.14.13.126', '1.14.13.126', '1.14.13.126', '1.14.13.126', '1.14.13.126', '1.14.13.126', '1.14.13.126', '1.14.13.126', '1.14.13.126', '1.14.13.126', '1.14.13;1.14.13.143', '1.14.13;1.14.13.143', '1.14.13;1.14.13.143', '1.14.13;1.14.13.143', '1.14.13;1.14.13.143', '1.14.13;1.14.13.143', '1.14.13;1.14.13.143', '1.14.13;1.14.13.143', '1.14.13;1.14.13.143', '1.14.13;1.14.13.143', '1.14.13.144', '1.14.13.144', '1.14.13.-', '1.14.99.45', '1.14.13.-', '1.14.13.-', '1.14.13.-', '1.14.13.-', '1.14.13.-', '1.14.13.-', '1.14.13.-', '1.14.13.-', '1.14.13.-', '1.14.13.-', '1.14.13.-', '1.14.13.-', '1.14.13.-', '1.14.13.-', '1.14.13.-', '1.14.13.-', '1.14.13.-', '1.14.13.-', '1.14.13.-', '1.14.13.-', '1.14.13.-', '1.14.13.-', '1.14.13.-', '1.14.13.-', '1.14.13.-', '1.14.13.-', '1.14.13.-', '1.14.13.-', '1.14.13.-', '1.14.13.-', '1.14.13.-', '1.14.13.-', '1.14.13.-', '1.14.13.-', '1.14.13.-', '1.14.13.-', '1.14.13.-', '1.14.13.-', '1.14.13.-', '1.14.13.-', '1.14.13.-', '1.14.13.-', '1.14.13.70', '1.14.13.70', '1.14.13.72', '1.14.13.72', '1.14.13.72', '1.14.13.72', '1.14.13.72', '1.14.13.72', '1.14.21.6', '1.14.13.72', '1.14.13.72', '1.14.13.72', '1.14.13.72', '1.14.13.72', '1.14.13.72', '1.14.13.72', '1.14.13.72', '1.14.13.72', '1.14.13.72', '1.14.13.72', '1.14.13.72', '1.14.21.6', '1.14.13.72', '1.14.13.72', '1.14.13.72', '1.14.13.72', '1.14.13.72', '1.14.13.72', '1.14.13.173', '1.14.13.173', '1.14.13.183', '1.14.13.183', '1.14.13.183', '1.14.13.183', '1.14.13.183', '1.14.13.183', '1.14.13.183', '1.14.13.183', '1.14.13.183', '1.14.13.183', '1.14.14.1', '1.14.13.98', '1.14.13.98', '1.14.13.98', '1.14.13.98', '1.14.13.98', '1.14.13.98', '1.14.13.98', '1.14.13.98', '1.14.13.98', '1.14.13.98', '1.14.13.106', '1.14.13.-;1.14.15.6', '1.14.13.-;1.14.15.6', '1.14.13.-;1.14.15.6', '1.14.13.-;1.14.15.6', '1.14.13.-;1.14.15.6', '1.14.13.-;1.14.15.6', '1.14.13.-;1.14.15.6', '1.14.13.-;1.14.15.6', '1.14.13.-;1.14.15.6', '1.14.13.-;1.14.15.6', '5.3.3.5', '5.3.3.5']"
β-Ionone,C13H20O,C12287,32325.0,heterologous,terpene,,CC1=C(C(CCC1)(C)C)/C=C/C(=O)C,9,"['1.1.1;1.1.1.207', '1.1.1;1.1.1.208', '1.1.1.275', '1.1.1.296', '1.1.1.296', '1.1.1.296', '1.1.1.296', '1.1.1.296', '1.1.1.296', '1.1.1.296', '1.14.14.-;1.14.14.1', '1.14.13', '1.14.13;1.14.13.-', '1.14.13;1.14.13.-', '1.14.13;1.14.13.-', '1.14.13;1.14.13.-', '1.14.13;1.14.13.-', '1.14.13;1.14.13.48', '1.6.99.1', '1.3.1', '1.14.13.49', '1.14.13.49', '1.14.13;1.14.14.1', '1.1.1.198', '1.1.1.227', '1.14.13.78', '1.14.13', '1.14.13', '1.14.13.-;1.14.13.119;1.14.14.149', '1.1.1.275', '1.14.13.-;1.14.14.149', '1.1.1.322', '1.1.1.322', '1.1.1.M48', '1.1.1', '1.1.1', '1.1.1.227', '1.14.13.133', '1.14.13;1.14.13.143', '1.14.13.144', '1.14.13.-', '1.14.13.-', '1.14.99.45', '1.14.13.48', '1.14.13.119', '1.1.1.-', '1.1.1.-', '1.1.1.296', '1.14.13.106', '1.14.13.80;1.14.14.53']"
