KEGG_id,color,width
C00025,#0868ac,W40
C00026,#0868ac,W40
C00124,#0868ac,W40
C00022,#0868ac,W40
C00049,#2b8cbe,W35
C00036,#2b8cbe,W35
C00019,#2b8cbe,W35
C00712,#2b8cbe,W35
C08362,#2b8cbe,W35
C00065,#2b8cbe,W35
C00064,#2b8cbe,W35
C02336,#2b8cbe,W35
C00041,#2b8cbe,W35
C00021,#2b8cbe,W35
C03916,#2b8cbe,W35
C00109,#2b8cbe,W35
C00055,#2b8cbe,W35
C04102,#4eb3d3,W30
C00249,#4eb3d3,W30
C00073,#4eb3d3,W30
C00189,#4eb3d3,W30
C01127,#4eb3d3,W30
C01179,#4eb3d3,W30
C00082,#4eb3d3,W30
C01530,#4eb3d3,W30
C00037,#4eb3d3,W30
C00097,#4eb3d3,W30
C00024,#4eb3d3,W30
C00093,#4eb3d3,W30
C00206,#4eb3d3,W30
C00079,#4eb3d3,W30
C00047,#4eb3d3,W30
C00166,#4eb3d3,W30
C00117,#4eb3d3,W30
C00123,#4eb3d3,W30
C05947,#4eb3d3,W30
C00510,#4eb3d3,W30
C00233,#7bccc4,W25
C00940,#7bccc4,W25
C00266,#7bccc4,W25
C00671,#7bccc4,W25
C00149,#7bccc4,W25
C00089,#7bccc4,W25
C00048,#7bccc4,W25
C00329,#7bccc4,W25
C00469,#7bccc4,W25
C00601,#7bccc4,W25
C01602,#7bccc4,W25
C00407,#7bccc4,W25
C00116,#7bccc4,W25
C00033,#7bccc4,W25
C00322,#7bccc4,W25
C01180,#7bccc4,W25
C00114,#7bccc4,W25
C00258,#7bccc4,W25
C05345,#7bccc4,W25
C00042,#7bccc4,W25
C01165,#7bccc4,W25
C00956,#7bccc4,W25
C00140,#7bccc4,W25
C00154,#7bccc4,W25
C13888,#7bccc4,W25
C00134,#7bccc4,W25
C21072,#7bccc4,W25
C00412,#7bccc4,W25
C00061,#7bccc4,W25
C00016,#7bccc4,W25
C02229,#7bccc4,W25
C00387,#7bccc4,W25
C00299,#7bccc4,W25
C00334,#7bccc4,W25
C01083,#7bccc4,W25
C02714,#7bccc4,W25
C00197,#7bccc4,W25
C07086,#7bccc4,W25
C00360,#7bccc4,W25
C00957,#7bccc4,W25
C00063,#7bccc4,W25
C00051,#7bccc4,W25
C00212,#7bccc4,W25
C00132,#7bccc4,W25
C00555,#7bccc4,W25
C00027,#7bccc4,W25
C01352,#7bccc4,W25
C00111,#7bccc4,W25
C00099,#7bccc4,W25
C00986,#7bccc4,W25
C00035,#7bccc4,W25
C00689,#7bccc4,W25
C00156,#7bccc4,W25
C00180,#7bccc4,W25
C00475,#7bccc4,W25
C00492,#7bccc4,W25
C00147,#7bccc4,W25
C04076,#7bccc4,W25
C01177,#7bccc4,W25
C00257,#7bccc4,W25
C00131,#7bccc4,W25
C03067,#7bccc4,W25
C00084,#7bccc4,W25
C01847,#7bccc4,W25
C06424,#7bccc4,W25
C00422,#7bccc4,W25
C00222,#7bccc4,W25
C00263,#7bccc4,W25
C13833,#7bccc4,W25
C01571,#7bccc4,W25
C05936,#7bccc4,W25
C01005,#7bccc4,W25
C00437,#7bccc4,W25
C00216,#7bccc4,W25
C00092,#7bccc4,W25
C00208,#7bccc4,W25
C00137,#7bccc4,W25
C00242,#7bccc4,W25
C03351,#7bccc4,W25
C04501,#7bccc4,W25
C06156,#7bccc4,W25
C05853,#7bccc4,W25
C00311,#7bccc4,W25
C01250,#7bccc4,W25
C00101,#7bccc4,W25
C00232,#7bccc4,W25
C05979,#7bccc4,W25
C00328,#a8ddb5,W20
C00352,#a8ddb5,W20
C02679,#a8ddb5,W20
C00661,#a8ddb5,W20
C00631,#a8ddb5,W20
C00624,#a8ddb5,W20
C00620,#a8ddb5,W20
C01835,#a8ddb5,W20
C00129,#a8ddb5,W20
C00256,#a8ddb5,W20
C00315,#a8ddb5,W20
C00160,#a8ddb5,W20
C00152,#a8ddb5,W20
C05130,#a8ddb5,W20
C03104,#a8ddb5,W20
C03031,#a8ddb5,W20
C00141,#a8ddb5,W20
C06002,#a8ddb5,W20
C05519,#a8ddb5,W20
C00058,#a8ddb5,W20
C00318,#a8ddb5,W20
C00655,#a8ddb5,W20
C00183,#a8ddb5,W20
C00261,#a8ddb5,W20
C20958,#a8ddb5,W20
C04036,#a8ddb5,W20
C01762,#a8ddb5,W20
C00108,#a8ddb5,W20
C00163,#a8ddb5,W20
C01585,#a8ddb5,W20
C05382,#a8ddb5,W20
C00343,#a8ddb5,W20
C00078,#a8ddb5,W20
C13889,#a8ddb5,W20
C00390,#a8ddb5,W20
C00199,#a8ddb5,W20
C00054,#a8ddb5,W20
C00096,#a8ddb5,W20
C00346,#a8ddb5,W20
C00279,#a8ddb5,W20
C00455,#a8ddb5,W20
C00106,#a8ddb5,W20
C00670,#a8ddb5,W20
C17568,#a8ddb5,W20
C01801,#a8ddb5,W20
C00342,#a8ddb5,W20
C00018,#a8ddb5,W20
C00105,#a8ddb5,W20
C00357,#a8ddb5,W20
C01742,#a8ddb5,W20
C00252,#a8ddb5,W20
C00380,#a8ddb5,W20
C00310,#a8ddb5,W20
C00479,#a8ddb5,W20
C16529,#a8ddb5,W20
C00665,#a8ddb5,W20
C00255,#a8ddb5,W20
C01233,#a8ddb5,W20
C08320,#a8ddb5,W20
C07328,#a8ddb5,W20
C00112,#a8ddb5,W20
C05620,#a8ddb5,W20
C00345,#a8ddb5,W20
C00015,#a8ddb5,W20
C00354,#a8ddb5,W20
C01832,#a8ddb5,W20
C00836,#a8ddb5,W20
C01245,#a8ddb5,W20
C02593,#a8ddb5,W20
C00158,#a8ddb5,W20
C00647,#a8ddb5,W20
C01694,#a8ddb5,W20
C06423,#a8ddb5,W20
C00155,#a8ddb5,W20
C00253,#a8ddb5,W20
C05437,#a8ddb5,W20
C01225,#a8ddb5,W20
C01252,#a8ddb5,W20
C00122,#a8ddb5,W20
C04411,#a8ddb5,W20
C06193,#a8ddb5,W20
C00588,#a8ddb5,W20
C00385,#a8ddb5,W20
C01368,#a8ddb5,W20
C01185,#a8ddb5,W20
C01107,#a8ddb5,W20
C01613,#a8ddb5,W20
C13890,#a8ddb5,W20
C00135,#a8ddb5,W20
C00262,#a8ddb5,W20
C00331,#a8ddb5,W20
C00083,#a8ddb5,W20
C00214,#a8ddb5,W20
C03150,#a8ddb5,W20
C11481,#a8ddb5,W20
C00110,#a8ddb5,W20
C00031,#a8ddb5,W20
C00044,#a8ddb5,W20
C04236,#a8ddb5,W20
C05662,#a8ddb5,W20
C00119,#a8ddb5,W20
C14819,#a8ddb5,W20
C00288,#a8ddb5,W20
C00136,#a8ddb5,W20
C05270,#a8ddb5,W20
C00612,#a8ddb5,W20
C02291,#a8ddb5,W20
C00673,#a8ddb5,W20
C00559,#a8ddb5,W20
C16528,#a8ddb5,W20
C00251,#a8ddb5,W20
C00447,#a8ddb5,W20
C02630,#a8ddb5,W20
C01143,#a8ddb5,W20
C04144,#a8ddb5,W20
C00301,#a8ddb5,W20
C02979,#a8ddb5,W20
C00632,#a8ddb5,W20
C06056,#a8ddb5,W20
C02354,#a8ddb5,W20
C00250,#a8ddb5,W20
C00148,#a8ddb5,W20
C00153,#a8ddb5,W20
C12144,#a8ddb5,W20
C00184,#a8ddb5,W20
C00067,#a8ddb5,W20
C02567,#a8ddb5,W20
C02355,#a8ddb5,W20
C14710,#a8ddb5,W20
C00857,#a8ddb5,W20
C00246,#a8ddb5,W20
C13880,#a8ddb5,W20
C00294,#a8ddb5,W20
C19636,#a8ddb5,W20
C00188,#a8ddb5,W20
C01367,#a8ddb5,W20
C00441,#a8ddb5,W20
C00526,#a8ddb5,W20
C01944,#a8ddb5,W20
C02041,#a8ddb5,W20
C00144,#a8ddb5,W20
C00350,#a8ddb5,W20
C07329,#a8ddb5,W20
C05805,#a8ddb5,W20
C00062,#a8ddb5,W20
C00075,#a8ddb5,W20
C00074,#a8ddb5,W20
C01102,#a8ddb5,W20
C04525,#a8ddb5,W20
C01168,#a8ddb5,W20
C01159,#a8ddb5,W20
C00095,#a8ddb5,W20
C00570,#a8ddb5,W20
C00652,#a8ddb5,W20
C12147,#a8ddb5,W20
C04454,#a8ddb5,W20
C04874,#a8ddb5,W20
C06044,#a8ddb5,W20
C05274,#a8ddb5,W20
C00750,#a8ddb5,W20
C00170,#a8ddb5,W20
C00143,#a8ddb5,W20
C14818,#a8ddb5,W20
C01188,#a8ddb5,W20
C01120,#a8ddb5,W20
C00534,#a8ddb5,W20
C00881,#a8ddb5,W20
C00637,#a8ddb5,W20
C00307,#a8ddb5,W20
C00794,#a8ddb5,W20
C00404,#a8ddb5,W20
C00417,#a8ddb5,W20
C01672,#a8ddb5,W20
C05262,#a8ddb5,W20
C00100,#a8ddb5,W20
C15777,#a8ddb5,W20
C00157,#a8ddb5,W20
C01717,#a8ddb5,W20
C01724,#a8ddb5,W20
C02571,#a8ddb5,W20
C00059,#a8ddb5,W20
C04133,#a8ddb5,W20
C05925,#a8ddb5,W20
C00577,#a8ddb5,W20
C02737,#a8ddb5,W20
C13892,#a8ddb5,W20
C00283,#a8ddb5,W20
C03287,#a8ddb5,W20
C00029,#a8ddb5,W20
C01092,#a8ddb5,W20
C00556,#a8ddb5,W20
C04006,#a8ddb5,W20
C01194,#a8ddb5,W20
C04732,#a8ddb5,W20
C03227,#a8ddb5,W20
C03561,#a8ddb5,W20
C01134,#a8ddb5,W20
C00642,#a8ddb5,W20
C00295,#a8ddb5,W20
C00954,#a8ddb5,W20
C01236,#a8ddb5,W20
C08281,#a8ddb5,W20
C00440,#a8ddb5,W20
C02389,#a8ddb5,W20
C00448,#a8ddb5,W20
C01037,#a8ddb5,W20
C16565,#a8ddb5,W20
C00365,#a8ddb5,W20
C00234,#a8ddb5,W20
C06809,#a8ddb5,W20
C01419,#a8ddb5,W20
C00164,#a8ddb5,W20
C00941,#a8ddb5,W20
C00361,#a8ddb5,W20
C01137,#a8ddb5,W20
C06425,#a8ddb5,W20
C03738,#a8ddb5,W20
C00333,#a8ddb5,W20
C02223,#a8ddb5,W20
C01157,#a8ddb5,W20
C00127,#a8ddb5,W20
C00445,#a8ddb5,W20
C00130,#a8ddb5,W20
C00043,#a8ddb5,W20
C03232,#a8ddb5,W20
C00121,#a8ddb5,W20
C05422,#a8ddb5,W20
C03862,#a8ddb5,W20
C04489,#a8ddb5,W20
C06055,#a8ddb5,W20
C01251,#a8ddb5,W20
C03172,#a8ddb5,W20
C11526,#a8ddb5,W20
C00072,#a8ddb5,W20
C02504,#a8ddb5,W20
C00532,#a8ddb5,W20
C05259,#a8ddb5,W20
C01204,#a8ddb5,W20
C01062,#a8ddb5,W20
C02712,#a8ddb5,W20
C01077,#a8ddb5,W20
C05512,#a8ddb5,W20
C05260,#a8ddb5,W20
C04376,#a8ddb5,W20
C11355,#a8ddb5,W20
C06735,#a8ddb5,W20
C03736,#a8ddb5,W20
C03508,#a8ddb5,W20
C03479,#a8ddb5,W20
C01678,#a8ddb5,W20
C00810,#a8ddb5,W20
C05261,#a8ddb5,W20
C05273,#a8ddb5,W20
C04322,#a8ddb5,W20
C01595,#a8ddb5,W20
C00946,#a8ddb5,W20
C00330,#a8ddb5,W20
C01118,#a8ddb5,W20
C00966,#a8ddb5,W20
C00546,#a8ddb5,W20
C05258,#a8ddb5,W20
C00086,#a8ddb5,W20
C01181,#a8ddb5,W20
C00187,#a8ddb5,W20
C02670,#a8ddb5,W20
C09332,#a8ddb5,W20
C00182,#a8ddb5,W20
C01284,#a8ddb5,W20
C04425,#a8ddb5,W20
C02353,#a8ddb5,W20
C06194,#a8ddb5,W20
C00125,#a8ddb5,W20
C00126,#a8ddb5,W20
C05271,#a8ddb5,W20
C02470,#a8ddb5,W20
C05200,#a8ddb5,W20
C00943,#a8ddb5,W20
C00575,#a8ddb5,W20
C00942,#a8ddb5,W20
C00979,#a8ddb5,W20
C13425,#a8ddb5,W20
C12292,#a8ddb5,W20
C00337,#a8ddb5,W20
C00568,#a8ddb5,W20
C00332,#a8ddb5,W20
C00229,#a8ddb5,W20
C00409,#a8ddb5,W20
C00362,#a8ddb5,W20
C00415,#a8ddb5,W20
C00705,#a8ddb5,W20
C01346,#a8ddb5,W20
C00314,#a8ddb5,W20
C00038,#a8ddb5,W20
C00320,#a8ddb5,W20
C04217,#a8ddb5,W20
C06032,#a8ddb5,W20
C05440,#a8ddb5,W20
C03492,#a8ddb5,W20
C00068,#a8ddb5,W20
C03722,#a8ddb5,W20
C00517,#a8ddb5,W20
C03221,#a8ddb5,W20
C00909,#a8ddb5,W20
C03082,#a8ddb5,W20
C00877,#a8ddb5,W20
C00076,#a8ddb5,W20
C00849,#a8ddb5,W20
C00120,#a8ddb5,W20
C15808,#a8ddb5,W20
C00091,#a8ddb5,W20
C00669,#a8ddb5,W20
C05278,#a8ddb5,W20
C00698,#a8ddb5,W20
C00424,#a8ddb5,W20
C05272,#a8ddb5,W20
C05198,#a8ddb5,W20
C00364,#a8ddb5,W20
C11511,#a8ddb5,W20
C05264,#a8ddb5,W20
C04691,#a8ddb5,W20
C05265,#a8ddb5,W20
C04640,#a8ddb5,W20
C00186,#a8ddb5,W20
C00418,#a8ddb5,W20
C00988,#a8ddb5,W20
C04281,#a8ddb5,W20
C01909,#a8ddb5,W20
C00162,#a8ddb5,W20
C01330,#a8ddb5,W20
C01192,#a8ddb5,W20
C00231,#a8ddb5,W20
C00209,#a8ddb5,W20
C00751,#a8ddb5,W20
C01879,#a8ddb5,W20
C02637,#a8ddb5,W20
C00286,#a8ddb5,W20
C00522,#a8ddb5,W20
C01103,#a8ddb5,W20
C05103,#a8ddb5,W20
C02050,#a8ddb5,W20
C00430,#a8ddb5,W20
C00104,#a8ddb5,W20
C00248,#a8ddb5,W20
C00224,#a8ddb5,W20
C02225,#a8ddb5,W20
C00103,#a8ddb5,W20
C00921,#a8ddb5,W20
C00356,#a8ddb5,W20
C00955,#a8ddb5,W20
C05269,#a8ddb5,W20
C01260,#a8ddb5,W20
C04677,#a8ddb5,W20
C03630,#a8ddb5,W20
C00052,#a8ddb5,W20
C01054,#a8ddb5,W20
C00493,#a8ddb5,W20
C00491,#a8ddb5,W20
C00386,#a8ddb5,W20
C03805,#a8ddb5,W20
C00460,#a8ddb5,W20
C03506,#a8ddb5,W20
C15816,#a8ddb5,W20
C00438,#a8ddb5,W20
C00267,#a8ddb5,W20
C02320,#a8ddb5,W20
C02430,#a8ddb5,W20
C00672,#a8ddb5,W20
C04327,#a8ddb5,W20
C00459,#a8ddb5,W20
C15670,#a8ddb5,W20
C00458,#a8ddb5,W20
C04248,#a8ddb5,W20
C00053,#a8ddb5,W20
C00464,#a8ddb5,W20
C00586,#a8ddb5,W20
C03044,#a8ddb5,W20
C00305,#a8ddb5,W20
C00070,#a8ddb5,W20
C00511,#a8ddb5,W20
C05275,#a8ddb5,W20
C05263,#a8ddb5,W20
C16218,#a8ddb5,W20
C16217,#a8ddb5,W20
C16216,#a8ddb5,W20
C00462,#a8ddb5,W20
C04895,#a8ddb5,W20
C00378,#a8ddb5,W20
C00081,#a8ddb5,W20
C00032,#a8ddb5,W20
C03838,#a8ddb5,W20
C04734,#a8ddb5,W20
C00579,#a8ddb5,W20
C00379,#a8ddb5,W20
C01152,#a8ddb5,W20
C00238,#a8ddb5,W20
C01636,#a8ddb5,W20
C00787,#a8ddb5,W20
C18319,#a8ddb5,W20
C01279,#a8ddb5,W20
C01888,#a8ddb5,W20
C00169,#a8ddb5,W20
C01267,#a8ddb5,W20
C01322,#a8ddb5,W20
C01262,#a8ddb5,W20
C19610,#a8ddb5,W20
C01246,#a8ddb5,W20
C00245,#a8ddb5,W20
C01230,#a8ddb5,W20
C01300,#a8ddb5,W20
C01209,#a8ddb5,W20
C00353,#a8ddb5,W20
C06576,#a8ddb5,W20
C00239,#a8ddb5,W20
C00864,#a8ddb5,W20
C00159,#a8ddb5,W20
C02163,#a8ddb5,W20
C00965,#a8ddb5,W20
C07216,#a8ddb5,W20
C01100,#a8ddb5,W20
C01081,#a8ddb5,W20
C06197,#a8ddb5,W20
C01079,#a8ddb5,W20
C00882,#a8ddb5,W20
C00818,#a8ddb5,W20
C01638,#a8ddb5,W20
C04002,#a8ddb5,W20
C01635,#a8ddb5,W20
C01637,#a8ddb5,W20
C00472,#a8ddb5,W20
C02282,#a8ddb5,W20
C16699,#a8ddb5,W20
C06758,#a8ddb5,W20
C06757,#a8ddb5,W20
C00244,#a8ddb5,W20
C01641,#a8ddb5,W20
C05634,#a8ddb5,W20
C06577,#a8ddb5,W20
C01643,#a8ddb5,W20
C01644,#a8ddb5,W20
C01645,#a8ddb5,W20
C00499,#a8ddb5,W20
C05635,#a8ddb5,W20
C03512,#a8ddb5,W20
C03511,#a8ddb5,W20
C00504,#a8ddb5,W20
C16237,#a8ddb5,W20
C00327,#a8ddb5,W20
C00461,#a8ddb5,W20
C04145,#a8ddb5,W20
C01126,#a8ddb5,W20
C05123,#a8ddb5,W20
C05122,#a8ddb5,W20
C00363,#a8ddb5,W20
C05108,#a8ddb5,W20
C01169,#a8ddb5,W20
C16241,#a8ddb5,W20
C00341,#a8ddb5,W20
C04752,#a8ddb5,W20
C04751,#a8ddb5,W20
C01051,#a8ddb5,W20
C01031,#a8ddb5,W20
C05267,#a8ddb5,W20
C04593,#a8ddb5,W20
C16240,#a8ddb5,W20
C12296,#a8ddb5,W20
C01304,#a8ddb5,W20
C01326,#a8ddb5,W20
C05276,#a8ddb5,W20
C15650,#a8ddb5,W20
C01344,#a8ddb5,W20
C01345,#a8ddb5,W20
C00449,#a8ddb5,W20
C07209,#a8ddb5,W20
C00236,#a8ddb5,W20
C01646,#a8ddb5,W20
C01647,#a8ddb5,W20
C00506,#a8ddb5,W20
C00636,#a8ddb5,W20
C15999,#a8ddb5,W20
C02946,#a8ddb5,W20
C02944,#a8ddb5,W20
C03461,#a8ddb5,W20
C02839,#a8ddb5,W20
C00860,#a8ddb5,W20
C00247,#a8ddb5,W20
C02702,#a8ddb5,W20
C02700,#a8ddb5,W20
C00606,#a8ddb5,W20
C01931,#a8ddb5,W20
C02554,#a8ddb5,W20
C02987,#a8ddb5,W20
C00088,#a8ddb5,W20
C00741,#a8ddb5,W20
C02505,#a8ddb5,W20
C17023,#a8ddb5,W20
C05985,#a8ddb5,W20
C02047,#a8ddb5,W20
C15780,#a8ddb5,W20
C06007,#a8ddb5,W20
C00254,#a8ddb5,W20
C02341,#a8ddb5,W20
C15556,#a8ddb5,W20
C02984,#a8ddb5,W20
C00544,#a8ddb5,W20
C02988,#a8ddb5,W20
C05241,#a8ddb5,W20
C03451,#a8ddb5,W20
C03406,#a8ddb5,W20
C03402,#a8ddb5,W20
C03373,#a8ddb5,W20
C01648,#a8ddb5,W20
C01649,#a8ddb5,W20
C01651,#a8ddb5,W20
C01652,#a8ddb5,W20
C01653,#a8ddb5,W20
C03127,#a8ddb5,W20
C20784,#a8ddb5,W20
C02992,#a8ddb5,W20
C05752,#a8ddb5,W20
C05280,#a8ddb5,W20
C11514,#a8ddb5,W20
C05746,#a8ddb5,W20
C05313,#a8ddb5,W20
C16236,#a8ddb5,W20
C12303,#a8ddb5,W20
C05745,#a8ddb5,W20
C05744,#a8ddb5,W20
C17432,#a8ddb5,W20
C06006,#a8ddb5,W20
C05751,#a8ddb5,W20
C05847,#a8ddb5,W20
C05803,#a8ddb5,W20
C15521,#a8ddb5,W20
C05802,#a8ddb5,W20
C15672,#a8ddb5,W20
C05402,#a8ddb5,W20
C18910,#a8ddb5,W20
C11555,#a8ddb5,W20
C05747,#a8ddb5,W20
C06316,#a8ddb5,W20
C05945,#a8ddb5,W20
C05750,#a8ddb5,W20
C05749,#a8ddb5,W20
C05860,#a8ddb5,W20
C05868,#a8ddb5,W20
C06501,#a8ddb5,W20
C05748,#a8ddb5,W20
C16239,#a8ddb5,W20
C05804,#a8ddb5,W20
C06369,#a8ddb5,W20
C16220,#a8ddb5,W20
C06325,#a8ddb5,W20
C20247,#a8ddb5,W20
C05778,#a8ddb5,W20
C20227,#a8ddb5,W20
C05938,#a8ddb5,W20
C11455,#a8ddb5,W20
C11822,#a8ddb5,W20
C15513,#a8ddb5,W20
C01269,#a8ddb5,W20
C05113,#a8ddb5,W20
C04916,#a8ddb5,W20
C00536,#a8ddb5,W20
C01642,#a8ddb5,W20
C01650,#a8ddb5,W20
C00533,#a8ddb5,W20
C01722,#a8ddb5,W20
C00519,#a8ddb5,W20
C01904,#a8ddb5,W20
C01990,#a8ddb5,W20
C02051,#a8ddb5,W20
C02084,#a8ddb5,W20
C02165,#a8ddb5,W20
C00490,#a8ddb5,W20
C00416,#a8ddb5,W20
C02191,#a8ddb5,W20
C02376,#a8ddb5,W20
C02412,#a8ddb5,W20
C02463,#a8ddb5,W20
C00900,#a8ddb5,W20
C02532,#a8ddb5,W20
C02553,#a8ddb5,W20
C02576,#a8ddb5,W20
C00313,#a8ddb5,W20
C02631,#a8ddb5,W20
C00621,#a8ddb5,W20
C01640,#a8ddb5,W20
C02739,#a8ddb5,W20
C00627,#a8ddb5,W20
C00886,#a8ddb5,W20
C00944,#a8ddb5,W20
C00870,#a8ddb5,W20
C00865,#a8ddb5,W20
C00804,#a8ddb5,W20
C00795,#a8ddb5,W20
C01010,#a8ddb5,W20
C00791,#a8ddb5,W20
C01024,#a8ddb5,W20
C01035,#a8ddb5,W20
C01036,#a8ddb5,W20
C01061,#a8ddb5,W20
C01097,#a8ddb5,W20
C01149,#a8ddb5,W20
C01172,#a8ddb5,W20
C00740,#a8ddb5,W20
C01242,#a8ddb5,W20
C01272,#a8ddb5,W20
C01302,#a8ddb5,W20
C01356,#a8ddb5,W20
C01551,#a8ddb5,W20
C01639,#a8ddb5,W20
C00668,#a8ddb5,W20
C00312,#a8ddb5,W20
C02493,#a8ddb5,W20
C00931,#a8ddb5,W20
C03125,#a8ddb5,W20
C03189,#a8ddb5,W20
C00221,#a8ddb5,W20
C00181,#a8ddb5,W20
C04556,#a8ddb5,W20
C00178,#a8ddb5,W20
C03543,#a8ddb5,W20
C03794,#a8ddb5,W20
C04500,#a8ddb5,W20
C03939,#a8ddb5,W20
C04409,#a8ddb5,W20
C04146,#a8ddb5,W20
C04188,#a8ddb5,W20
C04352,#a8ddb5,W20
C04332,#a8ddb5,W20
C04216,#a8ddb5,W20
C04302,#a8ddb5,W20
C04272,#a8ddb5,W20
C03175,#a8ddb5,W20
C03263,#a8ddb5,W20
C03090,#a8ddb5,W20
C04582,#a8ddb5,W20
C02741,#a8ddb5,W20
C04896,#a8ddb5,W20
C00268,#a8ddb5,W20
C00259,#a8ddb5,W20
C02934,#a8ddb5,W20
C02949,#a8ddb5,W20
C04823,#a8ddb5,W20
C04807,#a8ddb5,W20
C02972,#a8ddb5,W20
C02989,#a8ddb5,W20
C04666,#a8ddb5,W20
C04618,#a8ddb5,W20
C00235,#a8ddb5,W20
C03078,#a8ddb5,W20
C04294,#a8ddb5,W20
C00748,#a8ddb5,W20
C21214,#a8ddb5,W20
C00017,#a8ddb5,W20
C20641,#a8ddb5,W20
C20657,#a8ddb5,W20
C00087,#a8ddb5,W20
C00040,#a8ddb5,W20
C15522,#a8ddb5,W20
C00734,#a8ddb5,W20
C00309,#a8ddb5,W20
C00721,#a8ddb5,W20
C00524,#a8ddb5,W20
C00269,#a8ddb5,W20
C00370,#a8ddb5,W20
C16502,#a8ddb5,W20
C18091,#a8ddb5,W20
C16348,#a8ddb5,W20
C00381,#a8ddb5,W20
C00392,#a8ddb5,W20
C16238,#a8ddb5,W20
C00530,#a8ddb5,W20
C00681,#a8ddb5,W20
C00531,#a8ddb5,W20
C19967,#a8ddb5,W20
C19968,#a8ddb5,W20
C16739,#a8ddb5,W20
C00171,#a8ddb5,W20
C00165,#a8ddb5,W20
C00676,#a8ddb5,W20
C00677,#a8ddb5,W20
C20226,#a8ddb5,W20
C06615,#a8ddb5,W20
C00936,#a8ddb5,W20
C05729,#a8ddb5,W20
C06000,#a8ddb5,W20
C02603,#a8ddb5,W20
C02693,#a8ddb5,W20
C05921,#a8ddb5,W20
C05861,#a8ddb5,W20
C02835,#a8ddb5,W20
C02872,#a8ddb5,W20
C02918,#a8ddb5,W20
C03021,#a8ddb5,W20
C03028,#a8ddb5,W20
C03294,#a8ddb5,W20
C05726,#a8ddb5,W20
C02265,#a8ddb5,W20
C03360,#a8ddb5,W20
C03802,#a8ddb5,W20
C03885,#a8ddb5,W20
C05445,#a8ddb5,W20
C04047,#a8ddb5,W20
C04441,#a8ddb5,W20
C04506,#a8ddb5,W20
C04537,#a8ddb5,W20
C04554,#a8ddb5,W20
C04692,#a8ddb5,W20
C04748,#a8ddb5,W20
C06001,#a8ddb5,W20
C06033,#a8ddb5,W20
C00968,#a8ddb5,W20
C01573,#a8ddb5,W20
C00984,#a8ddb5,W20
C00996,#a8ddb5,W20
C00999,#a8ddb5,W20
C11924,#a8ddb5,W20
C01063,#a8ddb5,W20
C09815,#a8ddb5,W20
C01261,#a8ddb5,W20
C01288,#a8ddb5,W20
C01413,#a8ddb5,W20
C01507,#a8ddb5,W20
C01566,#a8ddb5,W20
C06755,#a8ddb5,W20
C02248,#a8ddb5,W20
C06754,#a8ddb5,W20
C06614,#a8ddb5,W20
C06613,#a8ddb5,W20
C01659,#a8ddb5,W20
C01755,#a8ddb5,W20
C01769,#a8ddb5,W20
C06420,#a8ddb5,W20
C01861,#a8ddb5,W20
C02170,#a8ddb5,W20
C06112,#a8ddb5,W20
C02188,#a8ddb5,W20
C21215,#a8ddb5,W20
